$MeshFormat
2.2 0 8
$EndMeshFormat
$PhysicalNames
2
2 1 "rigid_wall"
2 2 "hf_source"
$EndPhysicalNames
$Nodes
1601
1 0.0127 0 -0.085
2 0.0126388460287 0.00124481768219 -0.085
3 0.0124559730611 0.0024776470896 -0.085
4 0.0121531422638 0.00368661540113 -0.085
5 0.0117332700629 0.00486007959104 -0.085
6 0.0112004000572 0.00598673855769 -0.085
7 0.0105596640762 0.00705574195935 -0.085
8 0.00981723275771 0.00805679470888 -0.085
9 0.00898025612107 0.00898025612107 -0.085
10 0.00805679470888 0.00981723275771 -0.085
11 0.00705574195935 0.0105596640762 -0.085
12 0.00598673855769 0.0112004000572 -0.085
13 0.00486007959104 0.0117332700629 -0.085
14 0.00368661540113 0.0121531422638 -0.085
15 0.0024776470896 0.0124559730611 -0.085
16 0.00124481768219 0.0126388460287 -0.085
17 7.77650717459e-19 0.0127 -0.085
18 -0.00124481768219 0.0126388460287 -0.085
19 -0.0024776470896 0.0124559730611 -0.085
20 -0.00368661540113 0.0121531422638 -0.085
21 -0.00486007959104 0.0117332700629 -0.085
22 -0.00598673855769 0.0112004000572 -0.085
23 -0.00705574195935 0.0105596640762 -0.085
24 -0.00805679470888 0.00981723275771 -0.085
25 -0.00898025612107 0.00898025612107 -0.085
26 -0.00981723275771 0.00805679470888 -0.085
27 -0.0105596640762 0.00705574195935 -0.085
28 -0.0112004000572 0.00598673855769 -0.085
29 -0.0117332700629 0.00486007959104 -0.085
30 -0.0121531422638 0.00368661540113 -0.085
31 -0.0124559730611 0.0024776470896 -0.085
32 -0.0126388460287 0.00124481768219 -0.085
33 -0.0127 1.55530143492e-18 -0.085
34 -0.0126388460287 -0.00124481768219 -0.085
35 -0.0124559730611 -0.0024776470896 -0.085
36 -0.0121531422638 -0.00368661540113 -0.085
37 -0.0117332700629 -0.00486007959104 -0.085
38 -0.0112004000572 -0.00598673855769 -0.085
39 -0.0105596640762 -0.00705574195935 -0.085
40 -0.00981723275771 -0.00805679470888 -0.085
41 -0.00898025612107 -0.00898025612107 -0.085
42 -0.00805679470888 -0.00981723275771 -0.085
43 -0.00705574195935 -0.0105596640762 -0.085
44 -0.00598673855769 -0.0112004000572 -0.085
45 -0.00486007959104 -0.0117332700629 -0.085
46 -0.00368661540113 -0.0121531422638 -0.085
47 -0.0024776470896 -0.0124559730611 -0.085
48 -0.00124481768219 -0.0126388460287 -0.085
49 -2.33295215238e-18 -0.0127 -0.085
50 0.00124481768219 -0.0126388460287 -0.085
51 0.0024776470896 -0.0124559730611 -0.085
52 0.00368661540113 -0.0121531422638 -0.085
53 0.00486007959104 -0.0117332700629 -0.085
54 0.00598673855769 -0.0112004000572 -0.085
55 0.00705574195935 -0.0105596640762 -0.085
56 0.00805679470888 -0.00981723275771 -0.085
57 0.00898025612107 -0.00898025612107 -0.085
58 0.00981723275771 -0.00805679470888 -0.085
59 0.0105596640762 -0.00705574195935 -0.085
60 0.0112004000572 -0.00598673855769 -0.085
61 0.0117332700629 -0.00486007959104 -0.085
62 0.0121531422638 -0.00368661540113 -0.085
63 0.0124559730611 -0.0024776470896 -0.085
64 0.0126388460287 -0.00124481768219 -0.085
65 0.0125878472222 0 -0.0779166666667
66 0.0125272332972 0.0014498255228 -0.0779166666667
67 0.0123459752675 0.00288568843326 -0.0779166666667
68 0.012045818747 0.00429376058663 -0.0779166666667
69 0.011629654407 0.00566048147834 -0.0779166666667
70 0.0111014901376 0.00697268883908 -0.0779166666667
71 0.0104664124496 0.00821774539464 -0.0779166666667
72 0.00973053748811 0.00938366056977 -0.0779166666667
73 0.00890095213137 0.010459205964 -0.0779166666667
74 0.00798564573986 0.0114340234872 -0.0779166666667
75 0.00699343321447 0.0122987251137 -0.0779166666667
76 0.00593387010422 0.0130449832943 -0.0779166666667
77 0.00481716058109 0.0136656111546 -0.0779166666667
78 0.00365405916823 0.0141546317091 -0.0779166666667
79 0.00245576716807 0.0145073354225 -0.0779166666667
80 0.00123382478763 0.0147203255653 -0.0779166666667
81 7.70783340443e-19 0.0147915509259 -0.0779166666667
82 -0.00123382478763 0.0147203255653 -0.0779166666667
83 -0.00245576716807 0.0145073354225 -0.0779166666667
84 -0.00365405916823 0.0141546317091 -0.0779166666667
85 -0.00481716058109 0.0136656111546 -0.0779166666667
86 -0.00593387010422 0.0130449832943 -0.0779166666667
87 -0.00699343321447 0.0122987251137 -0.0779166666667
88 -0.00798564573986 0.0114340234872 -0.0779166666667
89 -0.00890095213137 0.010459205964 -0.0779166666667
90 -0.00973053748811 0.00938366056977 -0.0779166666667
91 -0.0104664124496 0.00821774539464 -0.0779166666667
92 -0.0111014901376 0.00697268883908 -0.0779166666667
93 -0.011629654407 0.00566048147834 -0.0779166666667
94 -0.012045818747 0.00429376058663 -0.0779166666667
95 -0.0123459752675 0.00288568843326 -0.0779166666667
96 -0.0125272332972 0.0014498255228 -0.0779166666667
97 -0.0125878472222 1.81144254959e-18 -0.0779166666667
98 -0.0125272332972 -0.0014498255228 -0.0779166666667
99 -0.0123459752675 -0.00288568843326 -0.0779166666667
100 -0.012045818747 -0.00429376058663 -0.0779166666667
101 -0.011629654407 -0.00566048147834 -0.0779166666667
102 -0.0111014901376 -0.00697268883908 -0.0779166666667
103 -0.0104664124496 -0.00821774539464 -0.0779166666667
104 -0.00973053748811 -0.00938366056977 -0.0779166666667
105 -0.00890095213137 -0.010459205964 -0.0779166666667
106 -0.00798564573986 -0.0114340234872 -0.0779166666667
107 -0.00699343321447 -0.0122987251137 -0.0779166666667
108 -0.00593387010422 -0.0130449832943 -0.0779166666667
109 -0.00481716058109 -0.0136656111546 -0.0779166666667
110 -0.00365405916823 -0.0141546317091 -0.0779166666667
111 -0.00245576716807 -0.0145073354225 -0.0779166666667
112 -0.00123382478763 -0.0147203255653 -0.0779166666667
113 -2.31235002133e-18 -0.0147915509259 -0.0779166666667
114 0.00123382478763 -0.0147203255653 -0.0779166666667
115 0.00245576716807 -0.0145073354225 -0.0779166666667
116 0.00365405916823 -0.0141546317091 -0.0779166666667
117 0.00481716058109 -0.0136656111546 -0.0779166666667
118 0.00593387010422 -0.0130449832943 -0.0779166666667
119 0.00699343321447 -0.0122987251137 -0.0779166666667
120 0.00798564573986 -0.0114340234872 -0.0779166666667
121 0.00890095213137 -0.010459205964 -0.0779166666667
122 0.00973053748811 -0.00938366056977 -0.0779166666667
123 0.0104664124496 -0.00821774539464 -0.0779166666667
124 0.0111014901376 -0.00697268883908 -0.0779166666667
125 0.011629654407 -0.00566048147834 -0.0779166666667
126 0.012045818747 -0.00429376058663 -0.0779166666667
127 0.0123459752675 -0.00288568843326 -0.0779166666667
128 0.0125272332972 -0.0014498255228 -0.0779166666667
129 0.0122777777778 0 -0.0708333333333
130 0.0122186569219 0.00201661190567 -0.0708333333333
131 0.0120418637205 0.00401380273629 -0.0708333333333
132 0.0117491007887 0.0059723384524 -0.0708333333333
133 0.0113431875936 0.0078733572844 -0.0708333333333
134 0.0108280333012 0.00969855138173 -0.0708333333333
135 0.0102085991288 0.0114303431275 -0.0708333333333
136 0.00949085056629 0.0130520544205 -0.0708333333333
137 0.00868169992457 0.0145480672944 -0.0708333333333
138 0.00778893976668 0.0159039743275 -0.0708333333333
139 0.00682116786096 0.0171067173939 -0.0708333333333
140 0.00578770437992 0.0181447134202 -0.0708333333333
141 0.00469850214182 0.0190079659374 -0.0708333333333
142 0.00356405075962 0.0196881613518 -0.0708333333333
143 0.00239527562031 0.0201787490098 -0.0708333333333
144 0.00120343266738 0.0204750042839 -0.0708333333333
145 7.5179706281e-19 0.0205740740741 -0.0708333333333
146 -0.00120343266738 0.0204750042839 -0.0708333333333
147 -0.00239527562031 0.0201787490098 -0.0708333333333
148 -0.00356405075962 0.0196881613518 -0.0708333333333
149 -0.00469850214182 0.0190079659374 -0.0708333333333
150 -0.00578770437992 0.0181447134202 -0.0708333333333
151 -0.00682116786096 0.0171067173939 -0.0708333333333
152 -0.00778893976668 0.0159039743275 -0.0708333333333
153 -0.00868169992457 0.0145480672944 -0.0708333333333
154 -0.00949085056629 0.0130520544205 -0.0708333333333
155 -0.0102085991288 0.0114303431275 -0.0708333333333
156 -0.0108280333012 0.00969855138173 -0.0708333333333
157 -0.0113431875936 0.0078733572844 -0.0708333333333
158 -0.0117491007887 0.0059723384524 -0.0708333333333
159 -0.0120418637205 0.00401380273629 -0.0708333333333
160 -0.0122186569219 0.00201661190567 -0.0708333333333
161 -0.0122777777778 2.51959739602e-18 -0.0708333333333
162 -0.0122186569219 -0.00201661190567 -0.0708333333333
163 -0.0120418637205 -0.00401380273629 -0.0708333333333
164 -0.0117491007887 -0.0059723384524 -0.0708333333333
165 -0.0113431875936 -0.0078733572844 -0.0708333333333
166 -0.0108280333012 -0.00969855138173 -0.0708333333333
167 -0.0102085991288 -0.0114303431275 -0.0708333333333
168 -0.00949085056629 -0.0130520544205 -0.0708333333333
169 -0.00868169992457 -0.0145480672944 -0.0708333333333
170 -0.00778893976668 -0.0159039743275 -0.0708333333333
171 -0.00682116786096 -0.0171067173939 -0.0708333333333
172 -0.00578770437992 -0.0181447134202 -0.0708333333333
173 -0.00469850214182 -0.0190079659374 -0.0708333333333
174 -0.00356405075962 -0.0196881613518 -0.0708333333333
175 -0.00239527562031 -0.0201787490098 -0.0708333333333
176 -0.00120343266738 -0.0204750042839 -0.0708333333333
177 -2.25539118843e-18 -0.0205740740741 -0.0708333333333
178 0.00120343266738 -0.0204750042839 -0.0708333333333
179 0.00239527562031 -0.0201787490098 -0.0708333333333
180 0.00356405075962 -0.0196881613518 -0.0708333333333
181 0.00469850214182 -0.0190079659374 -0.0708333333333
182 0.00578770437992 -0.0181447134202 -0.0708333333333
183 0.00682116786096 -0.0171067173939 -0.0708333333333
184 0.00778893976668 -0.0159039743275 -0.0708333333333
185 0.00868169992457 -0.0145480672944 -0.0708333333333
186 0.00949085056629 -0.0130520544205 -0.0708333333333
187 0.0102085991288 -0.0114303431275 -0.0708333333333
188 0.0108280333012 -0.00969855138173 -0.0708333333333
189 0.0113431875936 -0.0078733572844 -0.0708333333333
190 0.0117491007887 -0.0059723384524 -0.0708333333333
191 0.0120418637205 -0.00401380273629 -0.0708333333333
192 0.0122186569219 -0.00201661190567 -0.0708333333333
193 0.011809375 0 -0.06375
194 0.0117525096315 0.00287282112235 -0.06375
195 0.0115824611708 0.00571797540684 -0.06375
196 0.0113008672773 0.00850806246241 -0.06375
197 0.0109104398543 0.0112162122255 -0.06375
198 0.0104149389312 0.0138163437334 -0.06375
199 0.00981913645279 0.0162834162984 -0.06375
200 0.00912877032268 0.018593670663 -0.06375
201 0.00835048914407 0.0207248578148 -0.06375
202 0.00749178819017 0.0226564532565 -0.06375
203 0.00656093722057 0.0243698546681 -0.06375
204 0.00556690083895 0.0258485610573 -0.06375
205 0.00451925215909 0.0270783316732 -0.06375
206 0.00342808061045 0.0280473231526 -0.06375
207 0.00230389477156 0.0287462035778 -0.06375
208 0.00115752116658 0.0291682423483 -0.06375
209 7.23115664684e-19 0.029309375 -0.06375
210 -0.00115752116658 0.0291682423483 -0.06375
211 -0.00230389477156 0.0287462035778 -0.06375
212 -0.00342808061045 0.0280473231526 -0.06375
213 -0.00451925215909 0.0270783316732 -0.06375
214 -0.00556690083895 0.0258485610573 -0.06375
215 -0.00656093722057 0.0243698546681 -0.06375
216 -0.00749178819017 0.0226564532565 -0.06375
217 -0.00835048914407 0.0207248578148 -0.06375
218 -0.00912877032268 0.018593670663 -0.06375
219 -0.00981913645279 0.0162834162984 -0.06375
220 -0.0104149389312 0.0138163437334 -0.06375
221 -0.0109104398543 0.0112162122255 -0.06375
222 -0.0113008672773 0.00850806246241 -0.06375
223 -0.0115824611708 0.00571797540684 -0.06375
224 -0.0117525096315 0.00287282112235 -0.06375
225 -0.011809375 3.58936322788e-18 -0.06375
226 -0.0117525096315 -0.00287282112235 -0.06375
227 -0.0115824611708 -0.00571797540684 -0.06375
228 -0.0113008672773 -0.0085080624624 -0.06375
229 -0.0109104398543 -0.0112162122255 -0.06375
230 -0.0104149389312 -0.0138163437334 -0.06375
231 -0.00981913645279 -0.0162834162984 -0.06375
232 -0.00912877032268 -0.018593670663 -0.06375
233 -0.00835048914407 -0.0207248578148 -0.06375
234 -0.00749178819017 -0.0226564532565 -0.06375
235 -0.00656093722057 -0.0243698546681 -0.06375
236 -0.00556690083895 -0.0258485610573 -0.06375
237 -0.00451925215909 -0.0270783316732 -0.06375
238 -0.00342808061045 -0.0280473231526 -0.06375
239 -0.00230389477156 -0.0287462035778 -0.06375
240 -0.00115752116658 -0.0291682423483 -0.06375
241 -2.16934699405e-18 -0.029309375 -0.06375
242 0.00115752116658 -0.0291682423483 -0.06375
243 0.00230389477156 -0.0287462035778 -0.06375
244 0.00342808061045 -0.0280473231526 -0.06375
245 0.00451925215909 -0.0270783316732 -0.06375
246 0.00556690083895 -0.0258485610573 -0.06375
247 0.00656093722057 -0.0243698546681 -0.06375
248 0.00749178819017 -0.0226564532565 -0.06375
249 0.00835048914407 -0.0207248578148 -0.06375
250 0.00912877032268 -0.018593670663 -0.06375
251 0.00981913645279 -0.0162834162984 -0.06375
252 0.0104149389312 -0.0138163437334 -0.06375
253 0.0109104398543 -0.0112162122255 -0.06375
254 0.0113008672773 -0.00850806246241 -0.06375
255 0.0115824611708 -0.00571797540684 -0.06375
256 0.0117525096315 -0.00287282112235 -0.06375
257 0.0112222222222 0 -0.0566666666667
258 0.0111681841549 0.00394609746438 -0.0566666666667
259 0.011006590369 0.00785419185302 -0.0566666666667
260 0.010738997101 0.0116866460806 -0.0566666666667
261 0.0103679814204 0.0154065515178 -0.0566666666667
262 0.00989711641102 0.0189780834418 -0.0566666666667
263 0.00933093676028 0.0223668460479 -0.0566666666667
264 0.00867489508774 0.0255402036995 -0.0566666666667
265 0.00793530943332 0.0284675952278 -0.0566666666667
266 0.00711930241117 0.031120828252 -0.0566666666667
267 0.006234732615 0.0334743506879 -0.0566666666667
268 0.00529011893549 0.0355054968277 -0.0566666666667
269 0.00429455851876 0.0371947056237 -0.0566666666667
270 0.00325763915586 0.0385257090719 -0.0566666666667
271 0.00218934694707 0.0394856888814 -0.0566666666667
272 0.00109997013037 0.040065399922 -0.0566666666667
273 6.87162926188e-19 0.0402592592593 -0.0566666666667
274 -0.00109997013037 0.040065399922 -0.0566666666667
275 -0.00218934694707 0.0394856888814 -0.0566666666667
276 -0.00325763915586 0.0385257090719 -0.0566666666667
277 -0.00429455851876 0.0371947056237 -0.0566666666667
278 -0.00529011893549 0.0355054968277 -0.0566666666667
279 -0.006234732615 0.0334743506879 -0.0566666666667
280 -0.00711930241117 0.031120828252 -0.0566666666667
281 -0.00793530943332 0.0284675952278 -0.0566666666667
282 -0.00867489508774 0.0255402036995 -0.0566666666667
283 -0.00933093676028 0.0223668460479 -0.0566666666667
284 -0.00989711641102 0.0189780834418 -0.0566666666667
285 -0.0103679814204 0.0154065515178 -0.0566666666667
286 -0.010738997101 0.0116866460806 -0.0566666666667
287 -0.011006590369 0.00785419185302 -0.0566666666667
288 -0.0111681841549 0.00394609746438 -0.0566666666667
289 -0.0112222222222 4.93033729879e-18 -0.0566666666667
290 -0.0111681841549 -0.00394609746438 -0.0566666666667
291 -0.011006590369 -0.00785419185302 -0.0566666666667
292 -0.010738997101 -0.0116866460806 -0.0566666666667
293 -0.0103679814204 -0.0154065515178 -0.0566666666667
294 -0.00989711641102 -0.0189780834418 -0.0566666666667
295 -0.00933093676028 -0.0223668460479 -0.0566666666667
296 -0.00867489508774 -0.0255402036995 -0.0566666666667
297 -0.00793530943332 -0.0284675952278 -0.0566666666667
298 -0.00711930241117 -0.031120828252 -0.0566666666667
299 -0.006234732615 -0.0334743506879 -0.0566666666667
300 -0.00529011893549 -0.0355054968277 -0.0566666666667
301 -0.00429455851876 -0.0371947056237 -0.0566666666667
302 -0.00325763915586 -0.0385257090719 -0.0566666666667
303 -0.00218934694707 -0.0394856888814 -0.0566666666667
304 -0.00109997013037 -0.040065399922 -0.0566666666667
305 -2.06148877856e-18 -0.0402592592593 -0.0566666666667
306 0.00109997013037 -0.040065399922 -0.0566666666667
307 0.00218934694707 -0.0394856888814 -0.0566666666667
308 0.00325763915586 -0.0385257090719 -0.0566666666667
309 0.00429455851876 -0.0371947056237 -0.0566666666667
310 0.00529011893549 -0.0355054968277 -0.0566666666667
311 0.006234732615 -0.0334743506879 -0.0566666666667
312 0.00711930241117 -0.031120828252 -0.0566666666667
313 0.00793530943332 -0.0284675952278 -0.0566666666667
314 0.00867489508774 -0.0255402036995 -0.0566666666667
315 0.00933093676028 -0.0223668460479 -0.0566666666667
316 0.00989711641102 -0.0189780834418 -0.0566666666667
317 0.0103679814204 -0.0154065515178 -0.0566666666667
318 0.010738997101 -0.0116866460806 -0.0566666666667
319 0.011006590369 -0.00785419185302 -0.0566666666667
320 0.0111681841549 -0.00394609746438 -0.0566666666667
321 0.0105559027778 0 -0.0495833333333
322 0.0105050732207 0.00516408522331 -0.0495833333333
323 0.0103530740658 0.010278437483 -0.0495833333333
324 0.0101013691481 0.0152938027709 -0.0495833333333
325 0.00975238252357 0.0201618803776 -0.0495833333333
326 0.00930947512412 0.0248357880548 -0.0495833333333
327 0.00877691239014 0.0292705135163 -0.0495833333333
328 0.0081598231919 0.0334233479318 -0.0495833333333
329 0.00746415043571 0.0372542972357 -0.0495833333333
330 0.00669659383051 0.0407264672919 -0.0495833333333
331 0.00586454536598 0.0438064192047 -0.0495833333333
332 0.0049760181237 0.0464644913536 -0.0495833333333
333 0.00403956910671 0.0486750850507 -0.0495833333333
334 0.00306421683098 0.0504169110702 -0.0495833333333
335 0.00205935447209 0.0516731946754 -0.0495833333333
336 0.00103465940387 0.0524318371684 -0.0495833333333
337 6.46362627446e-19 0.0526855324074 -0.0495833333333
338 -0.00103465940387 0.0524318371684 -0.0495833333333
339 -0.00205935447209 0.0516731946754 -0.0495833333333
340 -0.00306421683098 0.0504169110702 -0.0495833333333
341 -0.00403956910671 0.0486750850507 -0.0495833333333
342 -0.0049760181237 0.0464644913536 -0.0495833333333
343 -0.00586454536598 0.0438064192047 -0.0495833333333
344 -0.00669659383051 0.0407264672919 -0.0495833333333
345 -0.00746415043571 0.0372542972357 -0.0495833333333
346 -0.0081598231919 0.0334233479318 -0.0495833333333
347 -0.00877691239014 0.0292705135163 -0.0495833333333
348 -0.00930947512412 0.0248357880548 -0.0495833333333
349 -0.00975238252357 0.0201618803776 -0.0495833333333
350 -0.0101013691481 0.0152938027709 -0.0495833333333
351 -0.0103530740658 0.010278437483 -0.0495833333333
352 -0.0105050732207 0.00516408522331 -0.0495833333333
353 -0.0105559027778 6.45211686241e-18 -0.0495833333333
354 -0.0105050732207 -0.00516408522331 -0.0495833333333
355 -0.0103530740658 -0.010278437483 -0.0495833333333
356 -0.0101013691481 -0.0152938027709 -0.0495833333333
357 -0.00975238252357 -0.0201618803776 -0.0495833333333
358 -0.00930947512412 -0.0248357880548 -0.0495833333333
359 -0.00877691239014 -0.0292705135163 -0.0495833333333
360 -0.0081598231919 -0.0334233479318 -0.0495833333333
361 -0.00746415043571 -0.0372542972357 -0.0495833333333
362 -0.00669659383051 -0.0407264672919 -0.0495833333333
363 -0.00586454536598 -0.0438064192047 -0.0495833333333
364 -0.0049760181237 -0.0464644913536 -0.0495833333333
365 -0.00403956910671 -0.0486750850507 -0.0495833333333
366 -0.00306421683098 -0.0504169110702 -0.0495833333333
367 -0.00205935447209 -0.0516731946754 -0.0495833333333
368 -0.00103465940387 -0.0524318371684 -0.0495833333333
369 -1.93908788234e-18 -0.0526855324074 -0.0495833333333
370 0.00103465940387 -0.0524318371684 -0.0495833333333
371 0.00205935447209 -0.0516731946754 -0.0495833333333
372 0.00306421683098 -0.0504169110702 -0.0495833333333
373 0.00403956910671 -0.0486750850507 -0.0495833333333
374 0.0049760181237 -0.0464644913536 -0.0495833333333
375 0.00586454536598 -0.0438064192047 -0.0495833333333
376 0.00669659383051 -0.0407264672919 -0.0495833333333
377 0.00746415043571 -0.0372542972357 -0.0495833333333
378 0.0081598231919 -0.0334233479318 -0.0495833333333
379 0.00877691239014 -0.0292705135163 -0.0495833333333
380 0.00930947512412 -0.0248357880548 -0.0495833333333
381 0.00975238252357 -0.0201618803776 -0.0495833333333
382 0.0101013691481 -0.0152938027709 -0.0495833333333
383 0.0103530740658 -0.010278437483 -0.0495833333333
384 0.0105050732207 -0.00516408522331 -0.0495833333333
385 0.00985 0 -0.0425
386 0.00980256955772 0.0064544286907 -0.0425
387 0.00966073501197 0.0128466977048 -0.0425
388 0.00942586230696 0.0191152459972 -0.0425
389 0.00910021339524 0.0251997040212 -0.0425
390 0.00868692445383 0.03104147512 -0.0425
391 0.00818997568118 0.0365842998443 -0.0425
392 0.00761415296562 0.0417747977622 -0.0425
393 0.00696500179469 0.0465629815411 -0.0425
394 0.00624877384901 0.0509027383539 -0.0425
395 0.00547236679524 0.0547522739701 -0.0425
396 0.00464325785774 0.0580745152573 -0.0425
397 0.0037694318088 0.0608374672159 -0.0425
398 0.00285930407096 0.063014521108 -0.0425
399 0.00192163967186 0.0645847107146 -0.0425
400 0.000965468832246 0.0655329142514 -0.0425
401 6.0313854858e-19 0.06585 -0.0425
402 -0.000965468832246 0.0655329142514 -0.0425
403 -0.00192163967186 0.0645847107146 -0.0425
404 -0.00285930407096 0.063014521108 -0.0425
405 -0.0037694318088 0.0608374672159 -0.0425
406 -0.00464325785774 0.0580745152573 -0.0425
407 -0.00547236679524 0.0547522739701 -0.0425
408 -0.00624877384901 0.0509027383539 -0.0425
409 -0.00696500179469 0.0465629815411 -0.0425
410 -0.00761415296562 0.0417747977622 -0.0425
411 -0.00818997568118 0.0365842998443 -0.0425
412 -0.00868692445383 0.03104147512 -0.0425
413 -0.00910021339524 0.0251997040212 -0.0425
414 -0.00942586230696 0.0191152459972 -0.0425
415 -0.00966073501197 0.0128466977048 -0.0425
416 -0.00980256955772 0.0064544286907 -0.0425
417 -0.00985 8.06429917239e-18 -0.0425
418 -0.00980256955772 -0.0064544286907 -0.0425
419 -0.00966073501197 -0.0128466977048 -0.0425
420 -0.00942586230696 -0.0191152459972 -0.0425
421 -0.00910021339524 -0.0251997040212 -0.0425
422 -0.00868692445383 -0.03104147512 -0.0425
423 -0.00818997568118 -0.0365842998443 -0.0425
424 -0.00761415296562 -0.0417747977622 -0.0425
425 -0.00696500179469 -0.0465629815411 -0.0425
426 -0.00624877384901 -0.0509027383539 -0.0425
427 -0.00547236679524 -0.0547522739701 -0.0425
428 -0.00464325785774 -0.0580745152573 -0.0425
429 -0.0037694318088 -0.0608374672159 -0.0425
430 -0.00285930407096 -0.063014521108 -0.0425
431 -0.00192163967186 -0.0645847107146 -0.0425
432 -0.000965468832246 -0.0655329142514 -0.0425
433 -1.80941564574e-18 -0.06585 -0.0425
434 0.000965468832246 -0.0655329142514 -0.0425
435 0.00192163967186 -0.0645847107146 -0.0425
436 0.00285930407096 -0.063014521108 -0.0425
437 0.0037694318088 -0.0608374672159 -0.0425
438 0.00464325785774 -0.0580745152573 -0.0425
439 0.00547236679524 -0.0547522739701 -0.0425
440 0.00624877384901 -0.0509027383539 -0.0425
441 0.00696500179469 -0.0465629815411 -0.0425
442 0.00761415296562 -0.0417747977622 -0.0425
443 0.00818997568118 -0.0365842998443 -0.0425
444 0.00868692445383 -0.03104147512 -0.0425
445 0.00910021339524 -0.0251997040212 -0.0425
446 0.00942586230696 -0.0191152459972 -0.0425
447 0.00966073501197 -0.0128466977048 -0.0425
448 0.00980256955772 -0.0064544286907 -0.0425
449 0.00914409722222 0 -0.0354166666667
450 0.00910006589476 0.00774477215809 -0.0354166666667
451 0.00896839595813 0.0154149579266 -0.0354166666667
452 0.0087503554658 0.0229366892235 -0.0354166666667
453 0.0084480442669 0.0302375276648 -0.0354166666667
454 0.00806437378355 0.0372471621852 -0.0354166666667
455 0.00760303897222 0.0438980861723 -0.0354166666667
456 0.00706848273934 0.0501262475925 -0.0354166666667
457 0.00646585315366 0.0558716658466 -0.0354166666667
458 0.00580095386752 0.061079009416 -0.0354166666667
459 0.0050801882245 0.0656981287355 -0.0354166666667
460 0.00431049759178 0.0696845391611 -0.0354166666667
461 0.00349929451088 0.0729998493811 -0.0354166666667
462 0.00265439131094 0.0756121311458 -0.0354166666667
463 0.00178392487163 0.0774962267537 -0.0354166666667
464 0.000896278260618 0.0786339913343 -0.0354166666667
465 5.59914469714e-19 0.0790144675926 -0.0354166666667
466 -0.000896278260618 0.0786339913343 -0.0354166666667
467 -0.00178392487163 0.0774962267537 -0.0354166666667
468 -0.00265439131094 0.0756121311458 -0.0354166666667
469 -0.00349929451088 0.0729998493811 -0.0354166666667
470 -0.00431049759178 0.0696845391611 -0.0354166666667
471 -0.0050801882245 0.0656981287355 -0.0354166666667
472 -0.00580095386752 0.061079009416 -0.0354166666667
473 -0.00646585315366 0.0558716658466 -0.0354166666667
474 -0.00706848273934 0.0501262475925 -0.0354166666667
475 -0.00760303897222 0.0438980861723 -0.0354166666667
476 -0.00806437378355 0.0372471621852 -0.0354166666667
477 -0.0084480442669 0.0302375276648 -0.0354166666667
478 -0.0087503554658 0.0229366892235 -0.0354166666667
479 -0.00896839595813 0.0154149579266 -0.0354166666667
480 -0.00910006589476 0.00774477215809 -0.0354166666667
481 -0.00914409722222 9.67648148236e-18 -0.0354166666667
482 -0.00910006589476 -0.00774477215809 -0.0354166666667
483 -0.00896839595813 -0.0154149579266 -0.0354166666667
484 -0.0087503554658 -0.0229366892235 -0.0354166666667
485 -0.0084480442669 -0.0302375276648 -0.0354166666667
486 -0.00806437378355 -0.0372471621852 -0.0354166666667
487 -0.00760303897222 -0.0438980861723 -0.0354166666667
488 -0.00706848273934 -0.0501262475925 -0.0354166666667
489 -0.00646585315366 -0.0558716658466 -0.0354166666667
490 -0.00580095386752 -0.061079009416 -0.0354166666667
491 -0.0050801882245 -0.0656981287355 -0.0354166666667
492 -0.00431049759178 -0.0696845391611 -0.0354166666667
493 -0.00349929451088 -0.0729998493811 -0.0354166666667
494 -0.00265439131094 -0.0756121311458 -0.0354166666667
495 -0.00178392487163 -0.0774962267537 -0.0354166666667
496 -0.000896278260618 -0.0786339913343 -0.0354166666667
497 -1.67974340914e-18 -0.0790144675926 -0.0354166666667
498 0.000896278260618 -0.0786339913343 -0.0354166666667
499 0.00178392487163 -0.0774962267537 -0.0354166666667
500 0.00265439131094 -0.0756121311458 -0.0354166666667
501 0.00349929451088 -0.0729998493811 -0.0354166666667
502 0.00431049759178 -0.0696845391611 -0.0354166666667
503 0.0050801882245 -0.0656981287355 -0.0354166666667
504 0.00580095386752 -0.061079009416 -0.0354166666667
505 0.00646585315366 -0.0558716658466 -0.0354166666667
506 0.00706848273934 -0.0501262475925 -0.0354166666667
507 0.00760303897222 -0.0438980861723 -0.0354166666667
508 0.00806437378355 -0.0372471621852 -0.0354166666667
509 0.0084480442669 -0.0302375276648 -0.0354166666667
510 0.0087503554658 -0.0229366892235 -0.0354166666667
511 0.00896839595813 -0.0154149579266 -0.0354166666667
512 0.00910006589476 -0.00774477215809 -0.0354166666667
513 0.00847777777778 0 -0.0283333333333
514 0.00843695496057 0.00896275991702 -0.0283333333333
515 0.00831487965497 0.0178392035565 -0.0283333333333
516 0.00811272751293 0.0265438459138 -0.0283333333333
517 0.00783244537007 0.0349928565247 -0.0283333333333
518 0.00747673249664 0.0431048667981 -0.0283333333333
519 0.00704901460208 0.0508017536408 -0.0283333333333
520 0.00655341084351 0.0580093918249 -0.0283333333333
521 0.00599469415606 0.0646583678545 -0.0283333333333
522 0.00537824528685 0.0706846484558 -0.0283333333333
523 0.00471000097549 0.0760301972524 -0.0283333333333
524 0.00399639677998 0.080643533687 -0.0283333333333
525 0.00324430509883 0.084480228808 -0.0283333333333
526 0.00246096898606 0.087503333144 -0.0283333333333
527 0.00165393239665 0.0896837325477 -0.0283333333333
528 0.000830967534127 0.0910004285808 -0.0283333333333
529 5.19114170972e-19 0.0914407407407 -0.0283333333333
530 -0.000830967534127 0.0910004285808 -0.0283333333333
531 -0.00165393239665 0.0896837325477 -0.0283333333333
532 -0.00246096898606 0.087503333144 -0.0283333333333
533 -0.00324430509883 0.084480228808 -0.0283333333333
534 -0.00399639677998 0.080643533687 -0.0283333333333
535 -0.00471000097549 0.0760301972524 -0.0283333333333
536 -0.00537824528685 0.0706846484558 -0.0283333333333
537 -0.00599469415606 0.0646583678545 -0.0283333333333
538 -0.00655341084351 0.0580093918249 -0.0283333333333
539 -0.00704901460208 0.0508017536408 -0.0283333333333
540 -0.00747673249664 0.0431048667981 -0.0283333333333
541 -0.00783244537007 0.0349928565247 -0.0283333333333
542 -0.00811272751293 0.0265438459138 -0.0283333333333
543 -0.00831487965497 0.0178392035565 -0.0283333333333
544 -0.00843695496057 0.00896275991702 -0.0283333333333
545 -0.00847777777778 1.1198261046e-17 -0.0283333333333
546 -0.00843695496057 -0.00896275991702 -0.0283333333333
547 -0.00831487965497 -0.0178392035565 -0.0283333333333
548 -0.00811272751293 -0.0265438459138 -0.0283333333333
549 -0.00783244537007 -0.0349928565247 -0.0283333333333
550 -0.00747673249664 -0.0431048667981 -0.0283333333333
551 -0.00704901460208 -0.0508017536408 -0.0283333333333
552 -0.00655341084351 -0.0580093918249 -0.0283333333333
553 -0.00599469415606 -0.0646583678545 -0.0283333333333
554 -0.00537824528685 -0.0706846484558 -0.0283333333333
555 -0.00471000097549 -0.0760301972524 -0.0283333333333
556 -0.00399639677998 -0.080643533687 -0.0283333333333
557 -0.00324430509883 -0.084480228808 -0.0283333333333
558 -0.00246096898606 -0.087503333144 -0.0283333333333
559 -0.00165393239665 -0.0896837325477 -0.0283333333333
560 -0.000830967534127 -0.0910004285808 -0.0283333333333
561 -1.55734251292e-18 -0.0914407407407 -0.0283333333333
562 0.000830967534127 -0.0910004285808 -0.0283333333333
563 0.00165393239665 -0.0896837325477 -0.0283333333333
564 0.00246096898606 -0.087503333144 -0.0283333333333
565 0.00324430509883 -0.084480228808 -0.0283333333333
566 0.00399639677998 -0.080643533687 -0.0283333333333
567 0.00471000097549 -0.0760301972524 -0.0283333333333
568 0.00537824528685 -0.0706846484558 -0.0283333333333
569 0.00599469415606 -0.0646583678545 -0.0283333333333
570 0.00655341084351 -0.0580093918249 -0.0283333333333
571 0.00704901460208 -0.0508017536408 -0.0283333333333
572 0.00747673249664 -0.0431048667981 -0.0283333333333
573 0.00783244537007 -0.0349928565247 -0.0283333333333
574 0.00811272751293 -0.0265438459138 -0.0283333333333
575 0.00831487965497 -0.0178392035565 -0.0283333333333
576 0.00843695496057 -0.00896275991702 -0.0283333333333
577 0.007890625 0 -0.02125
578 0.0078526294839 0.0100360362591 -0.02125
579 0.00773900885318 0.0199754200027 -0.02125
580 0.00755085733664 0.029722429532 -0.02125
581 0.00728998693622 0.039183195817 -0.02125
582 0.0069589099765 0.0482666065066 -0.02125
583 0.00656081490957 0.0568851833903 -0.02125
584 0.00609953560857 0.0649559248613 -0.02125
585 0.0055795144453 0.0724011052674 -0.02125
586 0.00500575950785 0.0791490234513 -0.02125
587 0.00438379636992 0.0851346932722 -0.02125
588 0.00371961487652 0.0903004694574 -0.02125
589 0.00301961145851 0.0945966027585 -0.02125
590 0.00229052753146 0.0979817190633 -0.02125
591 0.00153938457216 0.100423217851 -0.02125
592 0.000773416497913 0.101897586154 -0.02125
593 4.83161432476e-19 0.102390625 -0.02125
594 -0.000773416497913 0.101897586154 -0.02125
595 -0.00153938457216 0.100423217851 -0.02125
596 -0.00229052753146 0.0979817190633 -0.02125
597 -0.00301961145851 0.0945966027585 -0.02125
598 -0.00371961487652 0.0903004694574 -0.02125
599 -0.00438379636992 0.0851346932722 -0.02125
600 -0.00500575950785 0.0791490234513 -0.02125
601 -0.0055795144453 0.0724011052674 -0.02125
602 -0.00609953560857 0.0649559248613 -0.02125
603 -0.00656081490957 0.0568851833903 -0.02125
604 -0.0069589099765 0.0482666065066 -0.02125
605 -0.00728998693622 0.039183195817 -0.02125
606 -0.00755085733664 0.029722429532 -0.02125
607 -0.00773900885318 0.0199754200027 -0.02125
608 -0.0078526294839 0.0100360362591 -0.02125
609 -0.007890625 1.25392351169e-17 -0.02125
610 -0.0078526294839 -0.0100360362591 -0.02125
611 -0.00773900885318 -0.0199754200027 -0.02125
612 -0.00755085733664 -0.029722429532 -0.02125
613 -0.00728998693622 -0.039183195817 -0.02125
614 -0.0069589099765 -0.0482666065066 -0.02125
615 -0.00656081490957 -0.0568851833903 -0.02125
616 -0.00609953560857 -0.0649559248613 -0.02125
617 -0.0055795144453 -0.0724011052674 -0.02125
618 -0.00500575950785 -0.0791490234513 -0.02125
619 -0.00438379636992 -0.0851346932722 -0.02125
620 -0.00371961487652 -0.0903004694574 -0.02125
621 -0.00301961145851 -0.0945966027585 -0.02125
622 -0.00229052753146 -0.0979817190633 -0.02125
623 -0.00153938457216 -0.100423217851 -0.02125
624 -0.000773416497913 -0.101897586154 -0.02125
625 -1.44948429743e-18 -0.102390625 -0.02125
626 0.000773416497913 -0.101897586154 -0.02125
627 0.00153938457216 -0.100423217851 -0.02125
628 0.00229052753146 -0.0979817190633 -0.02125
629 0.00301961145851 -0.0945966027585 -0.02125
630 0.00371961487652 -0.0903004694574 -0.02125
631 0.00438379636992 -0.0851346932722 -0.02125
632 0.00500575950785 -0.0791490234513 -0.02125
633 0.0055795144453 -0.0724011052674 -0.02125
634 0.00609953560857 -0.0649559248613 -0.02125
635 0.00656081490957 -0.0568851833903 -0.02125
636 0.0069589099765 -0.0482666065066 -0.02125
637 0.00728998693622 -0.039183195817 -0.02125
638 0.00755085733664 -0.029722429532 -0.02125
639 0.00773900885318 -0.0199754200027 -0.02125
640 0.0078526294839 -0.0100360362591 -0.02125
641 0.00742222222222 0 -0.0141666666667
642 0.00738648219352 0.0108922454757 -0.0141666666667
643 0.00727960630344 0.0216795926732 -0.0141666666667
644 0.00710262382521 0.032258153542 -0.0141666666667
645 0.00685723919686 0.0425260507581 -0.0141666666667
646 0.0065458156065 0.0523843988582 -0.0141666666667
647 0.00617135223353 0.0617382565612 -0.0141666666667
648 0.00573745536496 0.0704975411039 -0.0141666666667
649 0.00524830366481 0.0785778957879 -0.0141666666667
650 0.00470860793135 0.0859015023804 -0.0141666666667
651 0.00412356572952 0.0923978305464 -0.0141666666667
652 0.00349881133555 0.0980043170945 -0.0141666666667
653 0.00284036147578 0.102666968494 -0.0141666666667
654 0.00215455738229 0.106340880864 -0.0141666666667
655 0.00144800372341 0.108990672419 -0.0141666666667
656 0.000727504997113 0.110590824219 -0.0141666666667
657 4.5448003435e-19 0.111125925926 -0.0141666666667
658 -0.000727504997113 0.110590824219 -0.0141666666667
659 -0.00144800372341 0.108990672419 -0.0141666666667
660 -0.00215455738229 0.106340880864 -0.0141666666667
661 -0.00284036147578 0.102666968494 -0.0141666666667
662 -0.00349881133555 0.0980043170945 -0.0141666666667
663 -0.00412356572952 0.0923978305464 -0.0141666666667
664 -0.00470860793135 0.0859015023804 -0.0141666666667
665 -0.00524830366481 0.0785778957879 -0.0141666666667
666 -0.00573745536496 0.0704975411039 -0.0141666666667
667 -0.00617135223353 0.0617382565612 -0.0141666666667
668 -0.0065458156065 0.0523843988582 -0.0141666666667
669 -0.00685723919686 0.0425260507581 -0.0141666666667
670 -0.00710262382521 0.032258153542 -0.0141666666667
671 -0.00727960630344 0.0216795926732 -0.0141666666667
672 -0.00738648219352 0.0108922454757 -0.0141666666667
673 -0.00742222222222 1.36090009487e-17 -0.0141666666667
674 -0.00738648219352 -0.0108922454757 -0.0141666666667
675 -0.00727960630344 -0.0216795926732 -0.0141666666667
676 -0.00710262382521 -0.032258153542 -0.0141666666667
677 -0.00685723919686 -0.0425260507581 -0.0141666666667
678 -0.0065458156065 -0.0523843988582 -0.0141666666667
679 -0.00617135223353 -0.0617382565612 -0.0141666666667
680 -0.00573745536496 -0.0704975411039 -0.0141666666667
681 -0.00524830366481 -0.0785778957879 -0.0141666666667
682 -0.00470860793135 -0.0859015023804 -0.0141666666667
683 -0.00412356572952 -0.0923978305464 -0.0141666666667
684 -0.00349881133555 -0.0980043170945 -0.0141666666667
685 -0.00284036147578 -0.102666968494 -0.0141666666667
686 -0.00215455738229 -0.106340880864 -0.0141666666667
687 -0.00144800372341 -0.108990672419 -0.0141666666667
688 -0.000727504997113 -0.110590824219 -0.0141666666667
689 -1.36344010305e-18 -0.111125925926 -0.0141666666667
690 0.000727504997113 -0.110590824219 -0.0141666666667
691 0.00144800372341 -0.108990672419 -0.0141666666667
692 0.00215455738229 -0.106340880864 -0.0141666666667
693 0.00284036147578 -0.102666968494 -0.0141666666667
694 0.00349881133555 -0.0980043170945 -0.0141666666667
695 0.00412356572952 -0.0923978305464 -0.0141666666667
696 0.00470860793135 -0.0859015023804 -0.0141666666667
697 0.00524830366481 -0.0785778957879 -0.0141666666667
698 0.00573745536496 -0.0704975411039 -0.0141666666667
699 0.00617135223353 -0.0617382565612 -0.0141666666667
700 0.0065458156065 -0.0523843988582 -0.0141666666667
701 0.00685723919686 -0.0425260507581 -0.0141666666667
702 0.00710262382521 -0.032258153542 -0.0141666666667
703 0.00727960630344 -0.0216795926732 -0.0141666666667
704 0.00738648219352 -0.0108922454757 -0.0141666666667
705 0.00711215277778 0 -0.00708333333333
706 0.0070779058182 0.0114590318586 -0.00708333333333
707 0.00697549475642 0.0228077069763 -0.00708333333333
708 0.00680590586695 0.0339367314078 -0.00708333333333
709 0.00657077238348 0.0447389265641 -0.00708333333333
710 0.00627235877002 0.0551102614009 -0.00708333333333
711 0.00591353891278 0.064950854294 -0.00708333333333
712 0.00549776844314 0.0741659349546 -0.00708333333333
713 0.005029051458 0.0826667571183 -0.00708333333333
714 0.00451190195817 0.0903714532207 -0.00708333333333
715 0.00395130037602 0.0972058228265 -0.00708333333333
716 0.00335264561125 0.10310404722 -0.00708333333333
717 0.0027217030365 0.108009323277 -0.00708333333333
718 0.00206454897368 0.111874410507 -0.00708333333333
719 0.00138751217564 0.114662086007 -0.00708333333333
720 0.000697112876865 0.116345502937 -0.00708333333333
721 4.35493756718e-19 0.116908449074 -0.00708333333333
722 -0.000697112876865 0.116345502937 -0.00708333333333
723 -0.00138751217564 0.114662086007 -0.00708333333333
724 -0.00206454897368 0.111874410507 -0.00708333333333
725 -0.0027217030365 0.108009323277 -0.00708333333333
726 -0.00335264561125 0.10310404722 -0.00708333333333
727 -0.00395130037602 0.0972058228265 -0.00708333333333
728 -0.00451190195817 0.0903714532207 -0.00708333333333
729 -0.005029051458 0.0826667571183 -0.00708333333333
730 -0.00549776844314 0.0741659349546 -0.00708333333333
731 -0.00591353891278 0.064950854294 -0.00708333333333
732 -0.00627235877002 0.0551102614009 -0.00708333333333
733 -0.00657077238348 0.0447389265641 -0.00708333333333
734 -0.00680590586695 0.0339367314078 -0.00708333333333
735 -0.00697549475642 0.0228077069763 -0.00708333333333
736 -0.0070779058182 0.0114590318586 -0.00708333333333
737 -0.00711215277778 1.43171557952e-17 -0.00708333333333
738 -0.0070779058182 -0.0114590318586 -0.00708333333333
739 -0.00697549475642 -0.0228077069763 -0.00708333333333
740 -0.00680590586695 -0.0339367314078 -0.00708333333333
741 -0.00657077238348 -0.0447389265641 -0.00708333333333
742 -0.00627235877002 -0.0551102614009 -0.00708333333333
743 -0.00591353891278 -0.064950854294 -0.00708333333333
744 -0.00549776844314 -0.0741659349546 -0.00708333333333
745 -0.005029051458 -0.0826667571183 -0.00708333333333
746 -0.00451190195817 -0.0903714532207 -0.00708333333333
747 -0.00395130037602 -0.0972058228265 -0.00708333333333
748 -0.00335264561125 -0.10310404722 -0.00708333333333
749 -0.0027217030365 -0.108009323277 -0.00708333333333
750 -0.00206454897368 -0.111874410507 -0.00708333333333
751 -0.00138751217564 -0.114662086007 -0.00708333333333
752 -0.000697112876865 -0.116345502937 -0.00708333333333
753 -1.30648127015e-18 -0.116908449074 -0.00708333333333
754 0.000697112876865 -0.116345502937 -0.00708333333333
755 0.00138751217564 -0.114662086007 -0.00708333333333
756 0.00206454897368 -0.111874410507 -0.00708333333333
757 0.0027217030365 -0.108009323277 -0.00708333333333
758 0.00335264561125 -0.10310404722 -0.00708333333333
759 0.00395130037602 -0.0972058228265 -0.00708333333333
760 0.00451190195817 -0.0903714532207 -0.00708333333333
761 0.005029051458 -0.0826667571183 -0.00708333333333
762 0.00549776844314 -0.0741659349546 -0.00708333333333
763 0.00591353891278 -0.064950854294 -0.00708333333333
764 0.00627235877002 -0.0551102614009 -0.00708333333333
765 0.00657077238348 -0.0447389265641 -0.00708333333333
766 0.00680590586695 -0.0339367314078 -0.00708333333333
767 0.00697549475642 -0.0228077069763 -0.00708333333333
768 0.0070779058182 -0.0114590318586 -0.00708333333333
769 0.007 0 -0
770 0.00696629308671 0.0116640396992 -0
771 0.00686549696282 0.0232157483199 -0
772 0.00669858235013 0.0345438765933 -0
773 0.00646715672758 0.0455393284514 -0
774 0.00617344885044 0.0560962116823 -0
775 0.00582028728612 0.0661128577293 -0
776 0.00541107317354 0.0754928008155 -0
777 0.00494974746831 0.0841457069612 -0
778 0.00444075298915 0.0919882439502 -0
779 0.00388899163114 0.098944883864 -0
780 0.00329977715778 0.104948630457 -0
781 0.00267878402656 0.109941664369 -0
782 0.00203199274078 0.113875899952 -0
783 0.00136563225411 0.116713448368 -0
784 0.000686119982307 0.118426982474 -0
785 4.28626379702e-19 0.119 -0
786 -0.000686119982307 0.118426982474 -0
787 -0.00136563225411 0.116713448368 -0
788 -0.00203199274078 0.113875899952 -0
789 -0.00267878402656 0.109941664369 -0
790 -0.00329977715778 0.104948630457 -0
791 -0.00388899163114 0.098944883864 -0
792 -0.00444075298915 0.0919882439502 -0
793 -0.00494974746831 0.0841457069612 -0
794 -0.00541107317354 0.0754928008155 -0
795 -0.00582028728612 0.0661128577293 -0
796 -0.00617344885044 0.0560962116823 -0
797 -0.00646715672758 0.0455393284514 -0
798 -0.00669858235013 0.0345438765933 -0
799 -0.00686549696282 0.0232157483199 -0
800 -0.00696629308671 0.0116640396992 -0
801 -0.007 1.45732969099e-17 -0
802 -0.00696629308671 -0.0116640396992 -0
803 -0.00686549696282 -0.0232157483199 -0
804 -0.00669858235013 -0.0345438765933 -0
805 -0.00646715672758 -0.0455393284514 -0
806 -0.00617344885044 -0.0560962116823 -0
807 -0.00582028728612 -0.0661128577293 -0
808 -0.00541107317354 -0.0754928008155 -0
809 -0.00494974746831 -0.0841457069612 -0
810 -0.00444075298915 -0.0919882439502 -0
811 -0.00388899163114 -0.098944883864 -0
812 -0.00329977715778 -0.104948630457 -0
813 -0.00267878402656 -0.109941664369 -0
814 -0.00203199274078 -0.113875899952 -0
815 -0.00136563225411 -0.116713448368 -0
816 -0.000686119982307 -0.118426982474 -0
817 -1.2858791391e-18 -0.119 -0
818 0.000686119982307 -0.118426982474 -0
819 0.00136563225411 -0.116713448368 -0
820 0.00203199274078 -0.113875899952 -0
821 0.00267878402656 -0.109941664369 -0
822 0.00329977715778 -0.104948630457 -0
823 0.00388899163114 -0.098944883864 -0
824 0.00444075298915 -0.0919882439502 -0
825 0.00494974746831 -0.0841457069612 -0
826 0.00541107317354 -0.0754928008155 -0
827 0.00582028728612 -0.0661128577293 -0
828 0.00617344885044 -0.0560962116823 -0
829 0.00646715672758 -0.0455393284514 -0
830 0.00669858235013 -0.0345438765933 -0
831 0.00686549696282 -0.0232157483199 -0
832 0.00696629308671 -0.0116640396992 -0
833 0.00701644540043 0 0.0116666666667
834 0.00698336865896 0.011663988607 0.0116666666667
835 0.00688393204728 0.0232158568701 0.0116666666667
836 0.00671750547664 0.0345442249556 0.0116666666667
837 0.0064841924677 0.045539451526 0.0116666666667
838 0.00618749836915 0.0560955852442 0.0116666666667
839 0.00583185268239 0.066111380745 0.0116666666667
840 0.0054209387631 0.075490635552 0.0116666666667
841 0.00495851679907 0.0841431256494 0.0116666666667
842 0.00444884946926 0.091985605569 0.0116666666667
843 0.00389671938186 0.0989426734007 0.0116666666667
844 0.00330728678199 0.104947458474 0.0116666666667
845 0.00268584046116 0.109941961497 0.0116666666667
846 0.00203773300845 0.113877048349 0.0116666666667
847 0.00136929922041 0.116713994087 0.0116666666667
848 0.000687801779381 0.118426463726 0.0116666666667
849 4.29633370051e-19 0.118999009799 0.0116666666667
850 -0.000687801779381 0.118426463726 0.0116666666667
851 -0.00136929922041 0.116713994087 0.0116666666667
852 -0.00203773300845 0.113877048349 0.0116666666667
853 -0.00268584046116 0.109941961497 0.0116666666667
854 -0.00330728678199 0.104947458474 0.0116666666667
855 -0.00389671938186 0.0989426734007 0.0116666666667
856 -0.00444884946926 0.091985605569 0.0116666666667
857 -0.00495851679907 0.0841431256494 0.0116666666667
858 -0.0054209387631 0.075490635552 0.0116666666667
859 -0.00583185268239 0.066111380745 0.0116666666667
860 -0.00618749836915 0.0560955852442 0.0116666666667
861 -0.0064841924677 0.045539451526 0.0116666666667
862 -0.00671750547664 0.0345442249556 0.0116666666667
863 -0.00688393204728 0.0232158568701 0.0116666666667
864 -0.00698336865896 0.011663988607 0.0116666666667
865 -0.00701644540043 1.45731756452e-17 0.0116666666667
866 -0.00698336865896 -0.011663988607 0.0116666666667
867 -0.00688393204728 -0.0232158568701 0.0116666666667
868 -0.00671750547664 -0.0345442249556 0.0116666666667
869 -0.0064841924677 -0.045539451526 0.0116666666667
870 -0.00618749836915 -0.0560955852442 0.0116666666667
871 -0.00583185268239 -0.066111380745 0.0116666666667
872 -0.0054209387631 -0.075490635552 0.0116666666667
873 -0.00495851679907 -0.0841431256494 0.0116666666667
874 -0.00444884946926 -0.091985605569 0.0116666666667
875 -0.00389671938186 -0.0989426734007 0.0116666666667
876 -0.00330728678199 -0.104947458474 0.0116666666667
877 -0.00268584046116 -0.109941961497 0.0116666666667
878 -0.00203773300845 -0.113877048349 0.0116666666667
879 -0.00136929922041 -0.116713994087 0.0116666666667
880 -0.000687801779381 -0.118426463726 0.0116666666667
881 -1.28890011015e-18 -0.118999009799 0.0116666666667
882 0.000687801779381 -0.118426463726 0.0116666666667
883 0.00136929922041 -0.116713994087 0.0116666666667
884 0.00203773300845 -0.113877048349 0.0116666666667
885 0.00268584046116 -0.109941961497 0.0116666666667
886 0.00330728678199 -0.104947458474 0.0116666666667
887 0.00389671938186 -0.0989426734007 0.0116666666667
888 0.00444884946926 -0.091985605569 0.0116666666667
889 0.00495851679907 -0.0841431256494 0.0116666666667
890 0.0054209387631 -0.075490635552 0.0116666666667
891 0.00583185268239 -0.066111380745 0.0116666666667
892 0.00618749836915 -0.0560955852442 0.0116666666667
893 0.0064841924677 -0.045539451526 0.0116666666667
894 0.00671750547664 -0.0345442249556 0.0116666666667
895 0.00688393204728 -0.0232158568701 0.0116666666667
896 0.00698336865896 -0.011663988607 0.0116666666667
897 0.00721279394776 0 0.0233333333333
898 0.00718724109259 0.0116633785952 0.0233333333333
899 0.00710403626852 0.0232171528961 0.0233333333333
900 0.00694343663711 0.0345483842001 0.0233333333333
901 0.00668758932873 0.0455409209644 0.0233333333333
902 0.00635524147773 0.0560881059369 0.0233333333333
903 0.00596993680915 0.0660937464082 0.0233333333333
904 0.00553872818316 0.0754647835613 0.0233333333333
905 0.00506321752466 0.0841123062832 0.0233333333333
906 0.00454551674809 0.0919541048272 0.0233333333333
907 0.0039889842456 0.0989162817506 0.0233333333333
908 0.0033969473415 0.104933465674 0.0233333333333
909 0.00277009019954 0.109945509035 0.0233333333333
910 0.00210626847671 0.11389075954 0.0233333333333
911 0.00141308067212 0.116720509649 0.0233333333333
912 0.000707881461475 0.118420270172 0.0233333333333
913 4.41656251052e-19 0.118987187371 0.0233333333333
914 -0.000707881461475 0.118420270172 0.0233333333333
915 -0.00141308067212 0.116720509649 0.0233333333333
916 -0.00210626847671 0.11389075954 0.0233333333333
917 -0.00277009019954 0.109945509035 0.0233333333333
918 -0.0033969473415 0.104933465674 0.0233333333333
919 -0.0039889842456 0.0989162817506 0.0233333333333
920 -0.00454551674809 0.0919541048272 0.0233333333333
921 -0.00506321752466 0.0841123062832 0.0233333333333
922 -0.00553872818316 0.0754647835613 0.0233333333333
923 -0.00596993680915 0.0660937464082 0.0233333333333
924 -0.00635524147773 0.0560881059369 0.0233333333333
925 -0.00668758932873 0.0455409209644 0.0233333333333
926 -0.00694343663711 0.0345483842001 0.0233333333333
927 -0.00710403626852 0.0232171528961 0.0233333333333
928 -0.00718724109259 0.0116633785952 0.0233333333333
929 -0.00721279394776 1.45717278153e-17 0.0233333333333
930 -0.00718724109259 -0.0116633785952 0.0233333333333
931 -0.00710403626852 -0.0232171528961 0.0233333333333
932 -0.00694343663711 -0.0345483842001 0.0233333333333
933 -0.00668758932873 -0.0455409209644 0.0233333333333
934 -0.00635524147773 -0.0560881059369 0.0233333333333
935 -0.00596993680915 -0.0660937464082 0.0233333333333
936 -0.00553872818316 -0.0754647835613 0.0233333333333
937 -0.00506321752466 -0.0841123062832 0.0233333333333
938 -0.00454551674809 -0.0919541048272 0.0233333333333
939 -0.0039889842456 -0.0989162817506 0.0233333333333
940 -0.0033969473415 -0.104933465674 0.0233333333333
941 -0.00277009019954 -0.109945509035 0.0233333333333
942 -0.00210626847671 -0.11389075954 0.0233333333333
943 -0.00141308067212 -0.116720509649 0.0233333333333
944 -0.000707881461475 -0.118420270172 0.0233333333333
945 -1.32496875316e-18 -0.118987187371 0.0233333333333
946 0.000707881461475 -0.118420270172 0.0233333333333
947 0.00141308067212 -0.116720509649 0.0233333333333
948 0.00210626847671 -0.11389075954 0.0233333333333
949 0.00277009019954 -0.109945509035 0.0233333333333
950 0.0033969473415 -0.104933465674 0.0233333333333
951 0.0039889842456 -0.0989162817506 0.0233333333333
952 0.00454551674809 -0.0919541048272 0.0233333333333
953 0.00506321752466 -0.0841123062832 0.0233333333333
954 0.00553872818316 -0.0754647835613 0.0233333333333
955 0.00596993680915 -0.0660937464082 0.0233333333333
956 0.00635524147773 -0.0560881059369 0.0233333333333
957 0.00668758932873 -0.0455409209644 0.0233333333333
958 0.00694343663711 -0.0345483842001 0.0233333333333
959 0.00710403626852 -0.0232171528961 0.0233333333333
960 0.00718724109259 -0.0116633785952 0.0233333333333
961 0.0079514538875 0 0.035
962 0.00795420576628 0.011661083741 0.035
963 0.00793206465475 0.0232220285244 0.035
964 0.00779338587097 0.0345640312079 0.035
965 0.0074527649063 0.0455464489669 0.035
966 0.00698628823696 0.0560599689084 0.035
967 0.00648940697653 0.0660274063291 0.035
968 0.00598185000457 0.0753675288063 0.035
969 0.00545709989711 0.0839963643445 0.035
970 0.00490917742867 0.0918355995653 0.035
971 0.00433608311448 0.098816996806 0.035
972 0.00373424886162 0.104880824997 0.035
973 0.00308703630137 0.109958854814 0.035
974 0.00236409775803 0.113942340813 0.035
975 0.00157778575869 0.116745021088 0.035
976 0.000783420888512 0.118396970127 0.035
977 4.86886127594e-19 0.118942711595 0.035
978 -0.000783420888512 0.118396970127 0.035
979 -0.00157778575869 0.116745021088 0.035
980 -0.00236409775803 0.113942340813 0.035
981 -0.00308703630137 0.109958854814 0.035
982 -0.00373424886162 0.104880824997 0.035
983 -0.00433608311448 0.098816996806 0.035
984 -0.00490917742867 0.0918355995653 0.035
985 -0.00545709989711 0.0839963643445 0.035
986 -0.00598185000457 0.0753675288063 0.035
987 -0.00648940697653 0.0660274063291 0.035
988 -0.00698628823696 0.0560599689084 0.035
989 -0.0074527649063 0.0455464489669 0.035
990 -0.00779338587097 0.0345640312079 0.035
991 -0.00793206465475 0.0232220285244 0.035
992 -0.00795420576628 0.011661083741 0.035
993 -0.0079514538875 1.45662811036e-17 0.035
994 -0.00795420576628 -0.011661083741 0.035
995 -0.00793206465475 -0.0232220285244 0.035
996 -0.00779338587097 -0.0345640312079 0.035
997 -0.0074527649063 -0.0455464489669 0.035
998 -0.00698628823696 -0.0560599689084 0.035
999 -0.00648940697653 -0.0660274063291 0.035
1000 -0.00598185000457 -0.0753675288063 0.035
1001 -0.00545709989711 -0.0839963643445 0.035
1002 -0.00490917742867 -0.0918355995653 0.035
1003 -0.00433608311448 -0.098816996806 0.035
1004 -0.00373424886162 -0.104880824997 0.035
1005 -0.00308703630137 -0.109958854814 0.035
1006 -0.00236409775803 -0.113942340813 0.035
1007 -0.00157778575869 -0.116745021088 0.035
1008 -0.000783420888512 -0.118396970127 0.035
1009 -1.46065838278e-18 -0.118942711595 0.035
1010 0.000783420888512 -0.118396970127 0.035
1011 0.00157778575869 -0.116745021088 0.035
1012 0.00236409775803 -0.113942340813 0.035
1013 0.00308703630137 -0.109958854814 0.035
1014 0.00373424886162 -0.104880824997 0.035
1015 0.00433608311448 -0.098816996806 0.035
1016 0.00490917742867 -0.0918355995653 0.035
1017 0.00545709989711 -0.0839963643445 0.035
1018 0.00598185000457 -0.0753675288063 0.035
1019 0.00648940697653 -0.0660274063291 0.035
1020 0.00698628823696 -0.0560599689084 0.035
1021 0.0074527649063 -0.0455464489669 0.035
1022 0.00779338587097 -0.0345640312079 0.035
1023 0.00793206465475 -0.0232220285244 0.035
1024 0.00795420576628 -0.011661083741 0.035
1025 0.00975343032288 0 0.0466666666667
1026 0.00982523219457 0.0116554853962 0.0466666666667
1027 0.00995205729218 0.023233922722 0.0466666666667
1028 0.00986685487652 0.0346022024122 0.0466666666667
1029 0.00931942679703 0.0455599346453 0.0466666666667
1030 0.00852574005855 0.0559913280363 0.0466666666667
1031 0.0077566653591 0.0658655683129 0.0466666666667
1032 0.00706285499377 0.075130273789 0.0466666666667
1033 0.00641798421654 0.0837135215504 0.0466666666667
1034 0.00579633529608 0.0915465034903 0.0466666666667
1035 0.00518283809444 0.0985747890984 0.0466666666667
1036 0.00455710300352 0.104752406957 0.0466666666667
1037 0.00386023297287 0.109991412121 0.0466666666667
1038 0.00299307770443 0.114068174409 0.0466666666667
1039 0.00197958727629 0.116804817257 0.0466666666667
1040 0.000967700907153 0.118340129178 0.0466666666667
1041 5.97225361281e-19 0.118834212005 0.0466666666667
1042 -0.000967700907153 0.118340129178 0.0466666666667
1043 -0.00197958727629 0.116804817257 0.0466666666667
1044 -0.00299307770443 0.114068174409 0.0466666666667
1045 -0.00386023297287 0.109991412121 0.0466666666667
1046 -0.00455710300352 0.104752406957 0.0466666666667
1047 -0.00518283809444 0.0985747890984 0.0466666666667
1048 -0.00579633529608 0.0915465034903 0.0466666666667
1049 -0.00641798421654 0.0837135215504 0.0466666666667
1050 -0.00706285499377 0.075130273789 0.0466666666667
1051 -0.0077566653591 0.0658655683129 0.0466666666667
1052 -0.00852574005855 0.0559913280363 0.0466666666667
1053 -0.00931942679703 0.0455599346453 0.0466666666667
1054 -0.00986685487652 0.0346022024122 0.0466666666667
1055 -0.00995205729218 0.023233922722 0.0466666666667
1056 -0.00982523219457 0.0116554853962 0.0466666666667
1057 -0.00975343032288 1.45529937361e-17 0.0466666666667
1058 -0.00982523219457 -0.0116554853962 0.0466666666667
1059 -0.00995205729218 -0.023233922722 0.0466666666667
1060 -0.00986685487652 -0.0346022024122 0.0466666666667
1061 -0.00931942679703 -0.0455599346453 0.0466666666667
1062 -0.00852574005855 -0.0559913280363 0.0466666666667
1063 -0.0077566653591 -0.0658655683129 0.0466666666667
1064 -0.00706285499377 -0.075130273789 0.0466666666667
1065 -0.00641798421654 -0.0837135215504 0.0466666666667
1066 -0.00579633529608 -0.0915465034903 0.0466666666667
1067 -0.00518283809444 -0.0985747890984 0.0466666666667
1068 -0.00455710300352 -0.104752406957 0.0466666666667
1069 -0.00386023297287 -0.109991412121 0.0466666666667
1070 -0.00299307770443 -0.114068174409 0.0466666666667
1071 -0.00197958727629 -0.116804817257 0.0466666666667
1072 -0.000967700907153 -0.118340129178 0.0466666666667
1073 -1.79167608384e-18 -0.118834212005 0.0466666666667
1074 0.000967700907153 -0.118340129178 0.0466666666667
1075 0.00197958727629 -0.116804817257 0.0466666666667
1076 0.00299307770443 -0.114068174409 0.0466666666667
1077 0.00386023297287 -0.109991412121 0.0466666666667
1078 0.00455710300352 -0.104752406957 0.0466666666667
1079 0.00518283809444 -0.0985747890984 0.0466666666667
1080 0.00579633529608 -0.0915465034903 0.0466666666667
1081 0.00641798421654 -0.0837135215504 0.0466666666667
1082 0.00706285499377 -0.075130273789 0.0466666666667
1083 0.0077566653591 -0.0658655683129 0.0466666666667
1084 0.00852574005855 -0.0559913280363 0.0466666666667
1085 0.00931942679703 -0.0455599346453 0.0466666666667
1086 0.00986685487652 -0.0346022024122 0.0466666666667
1087 0.00995205729218 -0.023233922722 0.0466666666667
1088 0.00982523219457 -0.0116554853962 0.0466666666667
1089 0.0132781358691 0 0.0583333333333
1090 0.0134850010458 0.0116445349105 0.0583333333333
1091 0.0139032073254 0.023257188034 0.0583333333333
1092 0.0139226058621 0.0346768661274 0.0583333333333
1093 0.0129706585168 0.0455863129288 0.0583333333333
1094 0.0115369416854 0.0558570649807 0.0583333333333
1095 0.0102354506317 0.0655490095933 0.0583333333333
1096 0.00917732453183 0.0746661977562 0.0583333333333
1097 0.00829749508219 0.0831602748234 0.0583333333333
1098 0.00753163559983 0.0909810252082 0.0583333333333
1099 0.00683910946157 0.0981010254944 0.0583333333333
1100 0.00616662380564 0.104501218448 0.0583333333333
1101 0.00537262267058 0.110055094931 0.0583333333333
1102 0.00422337631544 0.114314307692 0.0583333333333
1103 0.00276551988326 0.116921779879 0.0583333333333
1104 0.00132815667728 0.118228947031 0.0583333333333
1105 8.13051329537e-19 0.11862198442 0.0583333333333
1106 -0.00132815667728 0.118228947031 0.0583333333333
1107 -0.00276551988326 0.116921779879 0.0583333333333
1108 -0.00422337631544 0.114314307692 0.0583333333333
1109 -0.00537262267058 0.110055094931 0.0583333333333
1110 -0.00616662380564 0.104501218448 0.0583333333333
1111 -0.00683910946157 0.0981010254944 0.0583333333333
1112 -0.00753163559983 0.0909810252082 0.0583333333333
1113 -0.00829749508219 0.0831602748234 0.0583333333333
1114 -0.00917732453183 0.0746661977562 0.0583333333333
1115 -0.0102354506317 0.0655490095933 0.0583333333333
1116 -0.0115369416854 0.0558570649807 0.0583333333333
1117 -0.0129706585168 0.0455863129288 0.0583333333333
1118 -0.0139226058621 0.0346768661274 0.0583333333333
1119 -0.0139032073254 0.023257188034 0.0583333333333
1120 -0.0134850010458 0.0116445349105 0.0583333333333
1121 -0.0132781358691 1.45270033529e-17 0.0583333333333
1122 -0.0134850010458 -0.0116445349105 0.0583333333333
1123 -0.0139032073254 -0.023257188034 0.0583333333333
1124 -0.0139226058621 -0.0346768661274 0.0583333333333
1125 -0.0129706585168 -0.0455863129288 0.0583333333333
1126 -0.0115369416854 -0.0558570649807 0.0583333333333
1127 -0.0102354506317 -0.0655490095933 0.0583333333333
1128 -0.00917732453183 -0.0746661977562 0.0583333333333
1129 -0.00829749508219 -0.0831602748234 0.0583333333333
1130 -0.00753163559983 -0.0909810252082 0.0583333333333
1131 -0.00683910946157 -0.0981010254944 0.0583333333333
1132 -0.00616662380564 -0.104501218448 0.0583333333333
1133 -0.00537262267058 -0.110055094931 0.0583333333333
1134 -0.00422337631544 -0.114314307692 0.0583333333333
1135 -0.00276551988326 -0.116921779879 0.0583333333333
1136 -0.00132815667728 -0.118228947031 0.0583333333333
1137 -2.43915398861e-18 -0.11862198442 0.0583333333333
1138 0.00132815667728 -0.118228947031 0.0583333333333
1139 0.00276551988326 -0.116921779879 0.0583333333333
1140 0.00422337631544 -0.114314307692 0.0583333333333
1141 0.00537262267058 -0.110055094931 0.0583333333333
1142 0.00616662380564 -0.104501218448 0.0583333333333
1143 0.00683910946157 -0.0981010254944 0.0583333333333
1144 0.00753163559983 -0.0909810252082 0.0583333333333
1145 0.00829749508219 -0.0831602748234 0.0583333333333
1146 0.00917732453183 -0.0746661977562 0.0583333333333
1147 0.0102354506317 -0.0655490095933 0.0583333333333
1148 0.0115369416854 -0.0558570649807 0.0583333333333
1149 0.0129706585168 -0.0455863129288 0.0583333333333
1150 0.0139226058621 -0.0346768661274 0.0583333333333
1151 0.0139032073254 -0.023257188034 0.0583333333333
1152 0.0134850010458 -0.0116445349105 0.0583333333333
1153 0.0193112617262 0 0.07
1154 0.0197493104464 0.0116257913141 0.07
1155 0.0206662645844 0.0232970105253 0.07
1156 0.020864705229 0.0348046656228 0.07
1157 0.0192203551822 0.0456314637939 0.07
1158 0.0166911192918 0.0556272511986 0.07
1159 0.0144783081771 0.0650071661481 0.07
1160 0.0127965944756 0.0738718536397 0.07
1161 0.0115145937741 0.0822133000788 0.07
1162 0.0105018936809 0.0900131141017 0.07
1163 0.00967409623714 0.0972900994718 0.07
1164 0.00892158913293 0.104071267102 0.07
1165 0.0079613317901 0.110164098762 0.07
1166 0.00632923913566 0.114735606168 0.07
1167 0.00411077561338 0.117121981062 0.07
1168 0.0019451373012 0.118038640103 0.07
1169 1.18247374302e-18 0.118258721246 0.07
1170 -0.0019451373012 0.118038640103 0.07
1171 -0.00411077561338 0.117121981062 0.07
1172 -0.00632923913566 0.114735606168 0.07
1173 -0.0079613317901 0.110164098762 0.07
1174 -0.00892158913293 0.104071267102 0.07
1175 -0.00967409623714 0.0972900994718 0.07
1176 -0.0105018936809 0.0900131141017 0.07
1177 -0.0115145937741 0.0822133000788 0.07
1178 -0.0127965944756 0.0738718536397 0.07
1179 -0.0144783081771 0.0650071661481 0.07
1180 -0.0166911192918 0.0556272511986 0.07
1181 -0.0192203551822 0.0456314637939 0.07
1182 -0.020864705229 0.0348046656228 0.07
1183 -0.0206662645844 0.0232970105253 0.07
1184 -0.0197493104464 0.0116257913141 0.07
1185 -0.0193112617262 1.44825164445e-17 0.07
1186 -0.0197493104464 -0.0116257913141 0.07
1187 -0.0206662645844 -0.0232970105253 0.07
1188 -0.020864705229 -0.0348046656228 0.07
1189 -0.0192203551822 -0.0456314637939 0.07
1190 -0.0166911192918 -0.0556272511986 0.07
1191 -0.0144783081771 -0.0650071661481 0.07
1192 -0.0127965944756 -0.0738718536397 0.07
1193 -0.0115145937741 -0.0822133000788 0.07
1194 -0.0105018936809 -0.0900131141017 0.07
1195 -0.00967409623714 -0.0972900994718 0.07
1196 -0.00892158913293 -0.104071267102 0.07
1197 -0.0079613317901 -0.110164098762 0.07
1198 -0.00632923913566 -0.114735606168 0.07
1199 -0.00411077561338 -0.117121981062 0.07
1200 -0.0019451373012 -0.118038640103 0.07
1201 -3.54742122906e-18 -0.118258721246 0.07
1202 0.0019451373012 -0.118038640103 0.07
1203 0.00411077561338 -0.117121981062 0.07
1204 0.00632923913566 -0.114735606168 0.07
1205 0.0079613317901 -0.110164098762 0.07
1206 0.00892158913293 -0.104071267102 0.07
1207 0.00967409623714 -0.0972900994718 0.07
1208 0.0105018936809 -0.0900131141017 0.07
1209 0.0115145937741 -0.0822133000788 0.07
1210 0.0127965944756 -0.0738718536397 0.07
1211 0.0144783081771 -0.0650071661481 0.07
1212 0.0166911192918 -0.0556272511986 0.07
1213 0.0192203551822 -0.0456314637939 0.07
1214 0.020864705229 -0.0348046656228 0.07
1215 0.0206662645844 -0.0232970105253 0.07
1216 0.0197493104464 -0.0116257913141 0.07
1217 0.0287562476176 0 0.0816666666667
1218 0.0295562190556 0.0115964478183 0.0816666666667
1219 0.0312539734949 0.023359353476 0.0816666666667
1220 0.031732708339 0.035004738431 0.0816666666667
1221 0.0290043872461 0.0457021484262 0.0816666666667
1222 0.0247600931418 0.0552674728712 0.0816666666667
1223 0.0211205912332 0.064158898796 0.0816666666667
1224 0.0184626379771 0.0726282911563 0.0816666666667
1225 0.0165510296908 0.0807307911251 0.0816666666667
1226 0.0151518954106 0.0884978288314 0.0816666666667
1227 0.0141123278823 0.0960205776644 0.0816666666667
1228 0.0132345455115 0.103398169194 0.0816666666667
1229 0.0120140105656 0.11033474656 0.0816666666667
1230 0.0096260118365 0.115395157826 0.0816666666667
1231 0.00621680185789 0.117435400241 0.0816666666667
1232 0.00291103349272 0.11774071059 0.0816666666667
1233 1.76081233002e-18 0.117690025077 0.0816666666667
1234 -0.00291103349272 0.11774071059 0.0816666666667
1235 -0.00621680185789 0.117435400241 0.0816666666667
1236 -0.0096260118365 0.115395157826 0.0816666666667
1237 -0.0120140105656 0.11033474656 0.0816666666667
1238 -0.0132345455115 0.103398169194 0.0816666666667
1239 -0.0141123278823 0.0960205776644 0.0816666666667
1240 -0.0151518954106 0.0884978288314 0.0816666666667
1241 -0.0165510296908 0.0807307911251 0.0816666666667
1242 -0.0184626379771 0.0726282911563 0.0816666666667
1243 -0.0211205912332 0.064158898796 0.0816666666667
1244 -0.0247600931418 0.0552674728712 0.0816666666667
1245 -0.0290043872461 0.0457021484262 0.0816666666667
1246 -0.031732708339 0.035004738431 0.0816666666667
1247 -0.0312539734949 0.023359353476 0.0816666666667
1248 -0.0295562190556 0.0115964478183 0.0816666666667
1249 -0.0287562476176 1.44128712502e-17 0.0816666666667
1250 -0.0295562190556 -0.0115964478183 0.0816666666667
1251 -0.0312539734949 -0.023359353476 0.0816666666667
1252 -0.031732708339 -0.035004738431 0.0816666666667
1253 -0.0290043872461 -0.0457021484262 0.0816666666667
1254 -0.0247600931418 -0.0552674728712 0.0816666666667
1255 -0.0211205912332 -0.064158898796 0.0816666666667
1256 -0.0184626379771 -0.0726282911563 0.0816666666667
1257 -0.0165510296908 -0.0807307911251 0.0816666666667
1258 -0.0151518954106 -0.0884978288314 0.0816666666667
1259 -0.0141123278823 -0.0960205776644 0.0816666666667
1260 -0.0132345455115 -0.103398169194 0.0816666666667
1261 -0.0120140105656 -0.11033474656 0.0816666666667
1262 -0.0096260118365 -0.115395157826 0.0816666666667
1263 -0.00621680185789 -0.117435400241 0.0816666666667
1264 -0.00291103349272 -0.11774071059 0.0816666666667
1265 -5.28243699006e-18 -0.117690025077 0.0816666666667
1266 0.00291103349272 -0.11774071059 0.0816666666667
1267 0.00621680185789 -0.117435400241 0.0816666666667
1268 0.0096260118365 -0.115395157826 0.0816666666667
1269 0.0120140105656 -0.11033474656 0.0816666666667
1270 0.0132345455115 -0.103398169194 0.0816666666667
1271 0.0141123278823 -0.0960205776644 0.0816666666667
1272 0.0151518954106 -0.0884978288314 0.0816666666667
1273 0.0165510296908 -0.0807307911251 0.0816666666667
1274 0.0184626379771 -0.0726282911563 0.0816666666667
1275 0.0211205912332 -0.064158898796 0.0816666666667
1276 0.0247600931418 -0.0552674728712 0.0816666666667
1277 0.0290043872461 -0.0457021484262 0.0816666666667
1278 0.031732708339 -0.035004738431 0.0816666666667
1279 0.0312539734949 -0.023359353476 0.0816666666667
1280 0.0295562190556 -0.0115964478183 0.0816666666667
1281 0.0426277921559 0 0.0933333333333
1282 0.0439593077547 0.0115533519773 0.0933333333333
1283 0.0468037982801 0.0234509145464 0.0933333333333
1284 0.0476941921268 0.0352985788771 0.0933333333333
1285 0.0433738779047 0.045805960654 0.0933333333333
1286 0.0366107334102 0.054739078107 0.0933333333333
1287 0.030875896991 0.0629130760399 0.0933333333333
1288 0.0267841723542 0.0708019112577 0.0933333333333
1289 0.0239478798224 0.0785534782931 0.0933333333333
1290 0.021981202181 0.0862723784859 0.0933333333333
1291 0.020630614796 0.0941560721484 0.0933333333333
1292 0.0195688447031 0.102409612121 0.0933333333333
1293 0.0179660484808 0.110585371448 0.0933333333333
1294 0.014467875009 0.116363819961 0.0933333333333
1295 0.00930985431825 0.117895708826 0.0933333333333
1296 0.00432961391137 0.117303151174 0.0933333333333
1297 2.61019946092e-18 0.116854799453 0.0933333333333
1298 -0.00432961391137 0.117303151174 0.0933333333333
1299 -0.00930985431825 0.117895708826 0.0933333333333
1300 -0.014467875009 0.116363819961 0.0933333333333
1301 -0.0179660484808 0.110585371448 0.0933333333333
1302 -0.0195688447031 0.102409612121 0.0933333333333
1303 -0.020630614796 0.0941560721484 0.0933333333333
1304 -0.021981202181 0.0862723784859 0.0933333333333
1305 -0.0239478798224 0.0785534782931 0.0933333333333
1306 -0.0267841723542 0.0708019112577 0.0933333333333
1307 -0.030875896991 0.0629130760399 0.0933333333333
1308 -0.0366107334102 0.054739078107 0.0933333333333
1309 -0.0433738779047 0.045805960654 0.0933333333333
1310 -0.0476941921268 0.0352985788771 0.0933333333333
1311 -0.0468037982801 0.0234509145464 0.0933333333333
1312 -0.0439593077547 0.0115533519773 0.0933333333333
1313 -0.0426277921559 1.43105856116e-17 0.0933333333333
1314 -0.0439593077547 -0.0115533519773 0.0933333333333
1315 -0.0468037982801 -0.0234509145464 0.0933333333333
1316 -0.0476941921268 -0.0352985788771 0.0933333333333
1317 -0.0433738779047 -0.045805960654 0.0933333333333
1318 -0.0366107334102 -0.054739078107 0.0933333333333
1319 -0.030875896991 -0.0629130760399 0.0933333333333
1320 -0.0267841723542 -0.0708019112577 0.0933333333333
1321 -0.0239478798224 -0.0785534782931 0.0933333333333
1322 -0.021981202181 -0.0862723784859 0.0933333333333
1323 -0.020630614796 -0.0941560721484 0.0933333333333
1324 -0.0195688447031 -0.102409612121 0.0933333333333
1325 -0.0179660484808 -0.110585371448 0.0933333333333
1326 -0.014467875009 -0.116363819961 0.0933333333333
1327 -0.00930985431825 -0.117895708826 0.0933333333333
1328 -0.00432961391137 -0.117303151174 0.0933333333333
1329 -7.83059838277e-18 -0.116854799453 0.0933333333333
1330 0.00432961391137 -0.117303151174 0.0933333333333
1331 0.00930985431825 -0.117895708826 0.0933333333333
1332 0.014467875009 -0.116363819961 0.0933333333333
1333 0.0179660484808 -0.110585371448 0.0933333333333
1334 0.0195688447031 -0.102409612121 0.0933333333333
1335 0.020630614796 -0.0941560721484 0.0933333333333
1336 0.021981202181 -0.0862723784859 0.0933333333333
1337 0.0239478798224 -0.0785534782931 0.0933333333333
1338 0.0267841723542 -0.0708019112577 0.0933333333333
1339 0.030875896991 -0.0629130760399 0.0933333333333
1340 0.0366107334102 -0.054739078107 0.0933333333333
1341 0.0433738779047 -0.045805960654 0.0933333333333
1342 0.0476941921268 -0.0352985788771 0.0933333333333
1343 0.0468037982801 -0.0234509145464 0.0933333333333
1344 0.0439593077547 -0.0115533519773 0.0933333333333
1345 0.0620466681617 0 0.105
1346 0.064122296294 0.0114930217964 0.105
1347 0.0685721109997 0.0235790915542 0.105
1348 0.0700387892758 0.0357099282531 0.105
1349 0.0634898323029 0.045951288146 0.105
1350 0.0532005308422 0.0539993744368 0.105
1351 0.0445324204146 0.0611690397101 0.105
1352 0.0384335488026 0.0682451487651 0.105
1353 0.0343027840755 0.0755054422367 0.105
1354 0.0315415983586 0.0831569543745 0.105
1355 0.0297556120159 0.0915459373268 0.105
1356 0.0284362761737 0.10102572389 0.105
1357 0.0262983496126 0.11093622305 0.105
1358 0.0212460344507 0.117719857123 0.105
1359 0.0136398409352 0.118540098159 0.105
1360 0.00631549494848 0.116690608567 0.105
1361 3.7992626781e-18 0.115685561033 0.105
1362 -0.00631549494848 0.116690608567 0.105
1363 -0.0136398409352 0.118540098159 0.105
1364 -0.0212460344507 0.117719857123 0.105
1365 -0.0262983496126 0.11093622305 0.105
1366 -0.0284362761737 0.10102572389 0.105
1367 -0.0297556120159 0.0915459373268 0.105
1368 -0.0315415983586 0.0831569543745 0.105
1369 -0.0343027840755 0.0755054422367 0.105
1370 -0.0384335488026 0.0682451487651 0.105
1371 -0.0445324204146 0.0611690397101 0.105
1372 -0.0532005308422 0.0539993744368 0.105
1373 -0.0634898323029 0.045951288146 0.105
1374 -0.0700387892758 0.0357099282531 0.105
1375 -0.0685721109997 0.0235790915542 0.105
1376 -0.064122296294 0.0114930217964 0.105
1377 -0.0620466681617 1.41673952027e-17 0.105
1378 -0.064122296294 -0.0114930217964 0.105
1379 -0.0685721109997 -0.0235790915542 0.105
1380 -0.0700387892758 -0.0357099282531 0.105
1381 -0.0634898323029 -0.045951288146 0.105
1382 -0.0532005308422 -0.0539993744368 0.105
1383 -0.0445324204146 -0.0611690397101 0.105
1384 -0.0384335488026 -0.0682451487651 0.105
1385 -0.0343027840755 -0.0755054422367 0.105
1386 -0.0315415983586 -0.0831569543745 0.105
1387 -0.0297556120159 -0.0915459373268 0.105
1388 -0.0284362761737 -0.10102572389 0.105
1389 -0.0262983496126 -0.11093622305 0.105
1390 -0.0212460344507 -0.117719857123 0.105
1391 -0.0136398409352 -0.118540098159 0.105
1392 -0.00631549494848 -0.116690608567 0.105
1393 -1.13977880343e-17 -0.115685561033 0.105
1394 0.00631549494848 -0.116690608567 0.105
1395 0.0136398409352 -0.118540098159 0.105
1396 0.0212460344507 -0.117719857123 0.105
1397 0.0262983496126 -0.11093622305 0.105
1398 0.0284362761737 -0.10102572389 0.105
1399 0.0297556120159 -0.0915459373268 0.105
1400 0.0315415983586 -0.0831569543745 0.105
1401 0.0343027840755 -0.0755054422367 0.105
1402 0.0384335488026 -0.0682451487651 0.105
1403 0.0445324204146 -0.0611690397101 0.105
1404 0.0532005308422 -0.0539993744368 0.105
1405 0.0634898323029 -0.045951288146 0.105
1406 0.0700387892758 -0.0357099282531 0.105
1407 0.0685721109997 -0.0235790915542 0.105
1408 0.064122296294 -0.0114930217964 0.105
1409 0.0882354385774 0 0.116666666667
1410 0.0913145950444 0.011411659041 0.116666666667
1411 0.097929389144 0.0237519541971 0.116666666667
1412 0.100173258675 0.0362646840673 0.116666666667
1413 0.0906186996621 0.0461472803508 0.116666666667
1414 0.0755739368036 0.0530017920025 0.116666666667
1415 0.0629499414138 0.058816989724 0.116666666667
1416 0.0541441823739 0.0647970364281 0.116666666667
1417 0.0482676608315 0.071394786374 0.116666666667
1418 0.044434982121 0.0789554173353 0.116666666667
1419 0.042061806111 0.0880258457636 0.116666666667
1420 0.0403951108092 0.0991593784258 0.116666666667
1421 0.0375354944047 0.111409390089 0.116666666667
1422 0.0303872258053 0.119548641957 0.116666666667
1423 0.0194793666307 0.11940913735 0.116666666667
1424 0.00899370261292 0.115864518649 0.116666666667
1425 5.40286237126e-18 0.114108697545 0.116666666667
1426 -0.00899370261292 0.115864518649 0.116666666667
1427 -0.0194793666307 0.11940913735 0.116666666667
1428 -0.0303872258053 0.119548641957 0.116666666667
1429 -0.0375354944047 0.111409390089 0.116666666667
1430 -0.0403951108092 0.0991593784258 0.116666666667
1431 -0.042061806111 0.0880258457636 0.116666666667
1432 -0.044434982121 0.0789554173353 0.116666666667
1433 -0.0482676608315 0.071394786374 0.116666666667
1434 -0.0541441823739 0.0647970364281 0.116666666667
1435 -0.0629499414138 0.058816989724 0.116666666667
1436 -0.0755739368036 0.0530017920025 0.116666666667
1437 -0.0906186996621 0.0461472803508 0.116666666667
1438 -0.100173258675 0.0362646840673 0.116666666667
1439 -0.097929389144 0.0237519541971 0.116666666667
1440 -0.0913145950444 0.011411659041 0.116666666667
1441 -0.0882354385774 1.39742851203e-17 0.116666666667
1442 -0.0913145950444 -0.011411659041 0.116666666667
1443 -0.097929389144 -0.0237519541971 0.116666666667
1444 -0.100173258675 -0.0362646840673 0.116666666667
1445 -0.0906186996621 -0.0461472803508 0.116666666667
1446 -0.0755739368036 -0.0530017920025 0.116666666667
1447 -0.0629499414138 -0.058816989724 0.116666666667
1448 -0.0541441823739 -0.0647970364281 0.116666666667
1449 -0.0482676608315 -0.071394786374 0.116666666667
1450 -0.044434982121 -0.0789554173353 0.116666666667
1451 -0.042061806111 -0.0880258457636 0.116666666667
1452 -0.0403951108092 -0.0991593784258 0.116666666667
1453 -0.0375354944047 -0.111409390089 0.116666666667
1454 -0.0303872258053 -0.119548641957 0.116666666667
1455 -0.0194793666307 -0.11940913735 0.116666666667
1456 -0.00899370261292 -0.115864518649 0.116666666667
1457 -1.62085871138e-17 -0.114108697545 0.116666666667
1458 0.00899370261292 -0.115864518649 0.116666666667
1459 0.0194793666307 -0.11940913735 0.116666666667
1460 0.0303872258053 -0.119548641957 0.116666666667
1461 0.0375354944047 -0.111409390089 0.116666666667
1462 0.0403951108092 -0.0991593784258 0.116666666667
1463 0.042061806111 -0.0880258457636 0.116666666667
1464 0.044434982121 -0.0789554173353 0.116666666667
1465 0.0482676608315 -0.071394786374 0.116666666667
1466 0.0541441823739 -0.0647970364281 0.116666666667
1467 0.0629499414138 -0.058816989724 0.116666666667
1468 0.0755739368036 -0.0530017920025 0.116666666667
1469 0.0906186996621 -0.0461472803508 0.116666666667
1470 0.100173258675 -0.0362646840673 0.116666666667
1471 0.097929389144 -0.0237519541971 0.116666666667
1472 0.0913145950444 -0.011411659041 0.116666666667
1473 0.122514827856 0 0.128333333333
1474 0.126907537342 0.0113051605106 0.128333333333
1475 0.136356148007 0.0239782201018 0.128333333333
1476 0.139617310109 0.0369908231798 0.128333333333
1477 0.126128614414 0.0464038213406 0.128333333333
1478 0.104859263311 0.0516960217789 0.128333333333
1479 0.0870572729863 0.055738309977 0.128333333333
1480 0.0747083751734 0.0602836826813 0.128333333333
1481 0.066546772029 0.0660142064432 0.128333333333
1482 0.0613115790021 0.0734558798826 0.128333333333
1483 0.058169810085 0.0834182759129 0.128333333333
1484 0.0560484439473 0.0967164541614 0.128333333333
1485 0.0522441826935 0.112028734826 0.128333333333
1486 0.0423524479957 0.121942401809 0.128333333333
1487 0.0271229242069 0.120546652869 0.128333333333
1488 0.0124993014495 0.114783220923 0.128333333333
1489 7.50186958913e-18 0.112044686272 0.128333333333
1490 -0.0124993014495 0.114783220923 0.128333333333
1491 -0.0271229242069 0.120546652869 0.128333333333
1492 -0.0423524479957 0.121942401809 0.128333333333
1493 -0.0522441826935 0.112028734826 0.128333333333
1494 -0.0560484439473 0.0967164541614 0.128333333333
1495 -0.058169810085 0.0834182759129 0.128333333333
1496 -0.0613115790021 0.0734558798826 0.128333333333
1497 -0.066546772029 0.0660142064432 0.128333333333
1498 -0.0747083751734 0.0602836826813 0.128333333333
1499 -0.0870572729863 0.055738309977 0.128333333333
1500 -0.104859263311 0.0516960217789 0.128333333333
1501 -0.126128614414 0.0464038213406 0.128333333333
1502 -0.139617310109 0.0369908231798 0.128333333333
1503 -0.136356148007 0.0239782201018 0.128333333333
1504 -0.126907537342 0.0113051605106 0.128333333333
1505 -0.122514827856 1.37215166405e-17 0.128333333333
1506 -0.126907537342 -0.0113051605106 0.128333333333
1507 -0.136356148007 -0.0239782201018 0.128333333333
1508 -0.139617310109 -0.0369908231798 0.128333333333
1509 -0.126128614414 -0.0464038213406 0.128333333333
1510 -0.104859263311 -0.0516960217789 0.128333333333
1511 -0.0870572729863 -0.055738309977 0.128333333333
1512 -0.0747083751734 -0.0602836826813 0.128333333333
1513 -0.066546772029 -0.0660142064432 0.128333333333
1514 -0.0613115790021 -0.0734558798826 0.128333333333
1515 -0.058169810085 -0.0834182759129 0.128333333333
1516 -0.0560484439473 -0.0967164541614 0.128333333333
1517 -0.0522441826935 -0.112028734826 0.128333333333
1518 -0.0423524479957 -0.121942401809 0.128333333333
1519 -0.0271229242069 -0.120546652869 0.128333333333
1520 -0.0124993014495 -0.114783220923 0.128333333333
1521 -2.25056087674e-17 -0.112044686272 0.128333333333
1522 0.0124993014495 -0.114783220923 0.128333333333
1523 0.0271229242069 -0.120546652869 0.128333333333
1524 0.0423524479957 -0.121942401809 0.128333333333
1525 0.0522441826935 -0.112028734826 0.128333333333
1526 0.0560484439473 -0.0967164541614 0.128333333333
1527 0.058169810085 -0.0834182759129 0.128333333333
1528 0.0613115790021 -0.0734558798826 0.128333333333
1529 0.066546772029 -0.0660142064432 0.128333333333
1530 0.0747083751734 -0.0602836826813 0.128333333333
1531 0.0870572729863 -0.055738309977 0.128333333333
1532 0.104859263311 -0.0516960217789 0.128333333333
1533 0.126128614414 -0.0464038213406 0.128333333333
1534 0.139617310109 -0.0369908231798 0.128333333333
1535 0.136356148007 -0.0239782201018 0.128333333333
1536 0.126907537342 -0.0113051605106 0.128333333333
1537 0.166300589636 0 0.14
1538 0.172371127134 0.0111691277696 0.14
1539 0.185439429388 0.0242672341481 0.14
1540 0.19 0.0379183354509 0.14
1541 0.17148615143 0.0467315063695 0.14
1542 0.142266007044 0.0500281348897 0.14
1543 0.117850058377 0.051805849661 0.14
1544 0.100975437278 0.0545186840585 0.14
1545 0.0898950528844 0.0591414821608 0.14
1546 0.082868399769 0.0664312087358 0.14
1547 0.0787448914848 0.0775329331425 0.14
1548 0.0760427650323 0.0935960572659 0.14
1549 0.0710318896816 0.112819836467 0.14
1550 0.0576358698854 0.125 0.14
1551 0.0368861959051 0.121999624597 0.14
1552 0.0169770742097 0.113402057325 0.14
1553 1.01829742397e-17 0.109408282655 0.14
1554 -0.0169770742097 0.113402057325 0.14
1555 -0.0368861959051 0.121999624597 0.14
1556 -0.0576358698854 0.125 0.14
1557 -0.0710318896816 0.112819836467 0.14
1558 -0.0760427650323 0.0935960572659 0.14
1559 -0.0787448914848 0.0775329331425 0.14
1560 -0.082868399769 0.0664312087358 0.14
1561 -0.0898950528844 0.0591414821608 0.14
1562 -0.100975437278 0.0545186840585 0.14
1563 -0.117850058377 0.051805849661 0.14
1564 -0.142266007044 0.0500281348897 0.14
1565 -0.17148615143 0.0467315063695 0.14
1566 -0.19 0.0379183354509 0.14
1567 -0.185439429388 0.0242672341481 0.14
1568 -0.172371127134 0.0111691277696 0.14
1569 -0.166300589636 1.33986503154e-17 0.14
1570 -0.172371127134 -0.0111691277696 0.14
1571 -0.185439429388 -0.0242672341481 0.14
1572 -0.19 -0.0379183354509 0.14
1573 -0.17148615143 -0.0467315063695 0.14
1574 -0.142266007044 -0.0500281348897 0.14
1575 -0.117850058377 -0.051805849661 0.14
1576 -0.100975437278 -0.0545186840585 0.14
1577 -0.0898950528844 -0.0591414821608 0.14
1578 -0.082868399769 -0.0664312087358 0.14
1579 -0.0787448914848 -0.0775329331425 0.14
1580 -0.0760427650323 -0.0935960572659 0.14
1581 -0.0710318896816 -0.112819836467 0.14
1582 -0.0576358698854 -0.125 0.14
1583 -0.0368861959051 -0.121999624597 0.14
1584 -0.0169770742097 -0.113402057325 0.14
1585 -3.05489227192e-17 -0.109408282655 0.14
1586 0.0169770742097 -0.113402057325 0.14
1587 0.0368861959051 -0.121999624597 0.14
1588 0.0576358698854 -0.125 0.14
1589 0.0710318896816 -0.112819836467 0.14
1590 0.0760427650323 -0.0935960572659 0.14
1591 0.0787448914848 -0.0775329331425 0.14
1592 0.082868399769 -0.0664312087358 0.14
1593 0.0898950528844 -0.0591414821608 0.14
1594 0.100975437278 -0.0545186840585 0.14
1595 0.117850058377 -0.051805849661 0.14
1596 0.142266007044 -0.0500281348897 0.14
1597 0.17148615143 -0.0467315063695 0.14
1598 0.19 -0.0379183354509 0.14
1599 0.185439429388 -0.0242672341481 0.14
1600 0.172371127134 -0.0111691277696 0.14
1601 0 0 -0.085
$EndNodes
$Elements
3136
1 2 2 1 1 1 2 66
2 2 2 1 1 1 66 65
3 2 2 1 1 2 3 67
4 2 2 1 1 2 67 66
5 2 2 1 1 3 4 68
6 2 2 1 1 3 68 67
7 2 2 1 1 4 5 69
8 2 2 1 1 4 69 68
9 2 2 1 1 5 6 70
10 2 2 1 1 5 70 69
11 2 2 1 1 6 7 71
12 2 2 1 1 6 71 70
13 2 2 1 1 7 8 72
14 2 2 1 1 7 72 71
15 2 2 1 1 8 9 73
16 2 2 1 1 8 73 72
17 2 2 1 1 9 10 74
18 2 2 1 1 9 74 73
19 2 2 1 1 10 11 75
20 2 2 1 1 10 75 74
21 2 2 1 1 11 12 76
22 2 2 1 1 11 76 75
23 2 2 1 1 12 13 77
24 2 2 1 1 12 77 76
25 2 2 1 1 13 14 78
26 2 2 1 1 13 78 77
27 2 2 1 1 14 15 79
28 2 2 1 1 14 79 78
29 2 2 1 1 15 16 80
30 2 2 1 1 15 80 79
31 2 2 1 1 16 17 81
32 2 2 1 1 16 81 80
33 2 2 1 1 17 18 82
34 2 2 1 1 17 82 81
35 2 2 1 1 18 19 83
36 2 2 1 1 18 83 82
37 2 2 1 1 19 20 84
38 2 2 1 1 19 84 83
39 2 2 1 1 20 21 85
40 2 2 1 1 20 85 84
41 2 2 1 1 21 22 86
42 2 2 1 1 21 86 85
43 2 2 1 1 22 23 87
44 2 2 1 1 22 87 86
45 2 2 1 1 23 24 88
46 2 2 1 1 23 88 87
47 2 2 1 1 24 25 89
48 2 2 1 1 24 89 88
49 2 2 1 1 25 26 90
50 2 2 1 1 25 90 89
51 2 2 1 1 26 27 91
52 2 2 1 1 26 91 90
53 2 2 1 1 27 28 92
54 2 2 1 1 27 92 91
55 2 2 1 1 28 29 93
56 2 2 1 1 28 93 92
57 2 2 1 1 29 30 94
58 2 2 1 1 29 94 93
59 2 2 1 1 30 31 95
60 2 2 1 1 30 95 94
61 2 2 1 1 31 32 96
62 2 2 1 1 31 96 95
63 2 2 1 1 32 33 97
64 2 2 1 1 32 97 96
65 2 2 1 1 33 34 98
66 2 2 1 1 33 98 97
67 2 2 1 1 34 35 99
68 2 2 1 1 34 99 98
69 2 2 1 1 35 36 100
70 2 2 1 1 35 100 99
71 2 2 1 1 36 37 101
72 2 2 1 1 36 101 100
73 2 2 1 1 37 38 102
74 2 2 1 1 37 102 101
75 2 2 1 1 38 39 103
76 2 2 1 1 38 103 102
77 2 2 1 1 39 40 104
78 2 2 1 1 39 104 103
79 2 2 1 1 40 41 105
80 2 2 1 1 40 105 104
81 2 2 1 1 41 42 106
82 2 2 1 1 41 106 105
83 2 2 1 1 42 43 107
84 2 2 1 1 42 107 106
85 2 2 1 1 43 44 108
86 2 2 1 1 43 108 107
87 2 2 1 1 44 45 109
88 2 2 1 1 44 109 108
89 2 2 1 1 45 46 110
90 2 2 1 1 45 110 109
91 2 2 1 1 46 47 111
92 2 2 1 1 46 111 110
93 2 2 1 1 47 48 112
94 2 2 1 1 47 112 111
95 2 2 1 1 48 49 113
96 2 2 1 1 48 113 112
97 2 2 1 1 49 50 114
98 2 2 1 1 49 114 113
99 2 2 1 1 50 51 115
100 2 2 1 1 50 115 114
101 2 2 1 1 51 52 116
102 2 2 1 1 51 116 115
103 2 2 1 1 52 53 117
104 2 2 1 1 52 117 116
105 2 2 1 1 53 54 118
106 2 2 1 1 53 118 117
107 2 2 1 1 54 55 119
108 2 2 1 1 54 119 118
109 2 2 1 1 55 56 120
110 2 2 1 1 55 120 119
111 2 2 1 1 56 57 121
112 2 2 1 1 56 121 120
113 2 2 1 1 57 58 122
114 2 2 1 1 57 122 121
115 2 2 1 1 58 59 123
116 2 2 1 1 58 123 122
117 2 2 1 1 59 60 124
118 2 2 1 1 59 124 123
119 2 2 1 1 60 61 125
120 2 2 1 1 60 125 124
121 2 2 1 1 61 62 126
122 2 2 1 1 61 126 125
123 2 2 1 1 62 63 127
124 2 2 1 1 62 127 126
125 2 2 1 1 63 64 128
126 2 2 1 1 63 128 127
127 2 2 1 1 64 1 65
128 2 2 1 1 64 65 128
129 2 2 1 1 65 66 130
130 2 2 1 1 65 130 129
131 2 2 1 1 66 67 131
132 2 2 1 1 66 131 130
133 2 2 1 1 67 68 132
134 2 2 1 1 67 132 131
135 2 2 1 1 68 69 133
136 2 2 1 1 68 133 132
137 2 2 1 1 69 70 134
138 2 2 1 1 69 134 133
139 2 2 1 1 70 71 135
140 2 2 1 1 70 135 134
141 2 2 1 1 71 72 136
142 2 2 1 1 71 136 135
143 2 2 1 1 72 73 137
144 2 2 1 1 72 137 136
145 2 2 1 1 73 74 138
146 2 2 1 1 73 138 137
147 2 2 1 1 74 75 139
148 2 2 1 1 74 139 138
149 2 2 1 1 75 76 140
150 2 2 1 1 75 140 139
151 2 2 1 1 76 77 141
152 2 2 1 1 76 141 140
153 2 2 1 1 77 78 142
154 2 2 1 1 77 142 141
155 2 2 1 1 78 79 143
156 2 2 1 1 78 143 142
157 2 2 1 1 79 80 144
158 2 2 1 1 79 144 143
159 2 2 1 1 80 81 145
160 2 2 1 1 80 145 144
161 2 2 1 1 81 82 146
162 2 2 1 1 81 146 145
163 2 2 1 1 82 83 147
164 2 2 1 1 82 147 146
165 2 2 1 1 83 84 148
166 2 2 1 1 83 148 147
167 2 2 1 1 84 85 149
168 2 2 1 1 84 149 148
169 2 2 1 1 85 86 150
170 2 2 1 1 85 150 149
171 2 2 1 1 86 87 151
172 2 2 1 1 86 151 150
173 2 2 1 1 87 88 152
174 2 2 1 1 87 152 151
175 2 2 1 1 88 89 153
176 2 2 1 1 88 153 152
177 2 2 1 1 89 90 154
178 2 2 1 1 89 154 153
179 2 2 1 1 90 91 155
180 2 2 1 1 90 155 154
181 2 2 1 1 91 92 156
182 2 2 1 1 91 156 155
183 2 2 1 1 92 93 157
184 2 2 1 1 92 157 156
185 2 2 1 1 93 94 158
186 2 2 1 1 93 158 157
187 2 2 1 1 94 95 159
188 2 2 1 1 94 159 158
189 2 2 1 1 95 96 160
190 2 2 1 1 95 160 159
191 2 2 1 1 96 97 161
192 2 2 1 1 96 161 160
193 2 2 1 1 97 98 162
194 2 2 1 1 97 162 161
195 2 2 1 1 98 99 163
196 2 2 1 1 98 163 162
197 2 2 1 1 99 100 164
198 2 2 1 1 99 164 163
199 2 2 1 1 100 101 165
200 2 2 1 1 100 165 164
201 2 2 1 1 101 102 166
202 2 2 1 1 101 166 165
203 2 2 1 1 102 103 167
204 2 2 1 1 102 167 166
205 2 2 1 1 103 104 168
206 2 2 1 1 103 168 167
207 2 2 1 1 104 105 169
208 2 2 1 1 104 169 168
209 2 2 1 1 105 106 170
210 2 2 1 1 105 170 169
211 2 2 1 1 106 107 171
212 2 2 1 1 106 171 170
213 2 2 1 1 107 108 172
214 2 2 1 1 107 172 171
215 2 2 1 1 108 109 173
216 2 2 1 1 108 173 172
217 2 2 1 1 109 110 174
218 2 2 1 1 109 174 173
219 2 2 1 1 110 111 175
220 2 2 1 1 110 175 174
221 2 2 1 1 111 112 176
222 2 2 1 1 111 176 175
223 2 2 1 1 112 113 177
224 2 2 1 1 112 177 176
225 2 2 1 1 113 114 178
226 2 2 1 1 113 178 177
227 2 2 1 1 114 115 179
228 2 2 1 1 114 179 178
229 2 2 1 1 115 116 180
230 2 2 1 1 115 180 179
231 2 2 1 1 116 117 181
232 2 2 1 1 116 181 180
233 2 2 1 1 117 118 182
234 2 2 1 1 117 182 181
235 2 2 1 1 118 119 183
236 2 2 1 1 118 183 182
237 2 2 1 1 119 120 184
238 2 2 1 1 119 184 183
239 2 2 1 1 120 121 185
240 2 2 1 1 120 185 184
241 2 2 1 1 121 122 186
242 2 2 1 1 121 186 185
243 2 2 1 1 122 123 187
244 2 2 1 1 122 187 186
245 2 2 1 1 123 124 188
246 2 2 1 1 123 188 187
247 2 2 1 1 124 125 189
248 2 2 1 1 124 189 188
249 2 2 1 1 125 126 190
250 2 2 1 1 125 190 189
251 2 2 1 1 126 127 191
252 2 2 1 1 126 191 190
253 2 2 1 1 127 128 192
254 2 2 1 1 127 192 191
255 2 2 1 1 128 65 129
256 2 2 1 1 128 129 192
257 2 2 1 1 129 130 194
258 2 2 1 1 129 194 193
259 2 2 1 1 130 131 195
260 2 2 1 1 130 195 194
261 2 2 1 1 131 132 196
262 2 2 1 1 131 196 195
263 2 2 1 1 132 133 197
264 2 2 1 1 132 197 196
265 2 2 1 1 133 134 198
266 2 2 1 1 133 198 197
267 2 2 1 1 134 135 199
268 2 2 1 1 134 199 198
269 2 2 1 1 135 136 200
270 2 2 1 1 135 200 199
271 2 2 1 1 136 137 201
272 2 2 1 1 136 201 200
273 2 2 1 1 137 138 202
274 2 2 1 1 137 202 201
275 2 2 1 1 138 139 203
276 2 2 1 1 138 203 202
277 2 2 1 1 139 140 204
278 2 2 1 1 139 204 203
279 2 2 1 1 140 141 205
280 2 2 1 1 140 205 204
281 2 2 1 1 141 142 206
282 2 2 1 1 141 206 205
283 2 2 1 1 142 143 207
284 2 2 1 1 142 207 206
285 2 2 1 1 143 144 208
286 2 2 1 1 143 208 207
287 2 2 1 1 144 145 209
288 2 2 1 1 144 209 208
289 2 2 1 1 145 146 210
290 2 2 1 1 145 210 209
291 2 2 1 1 146 147 211
292 2 2 1 1 146 211 210
293 2 2 1 1 147 148 212
294 2 2 1 1 147 212 211
295 2 2 1 1 148 149 213
296 2 2 1 1 148 213 212
297 2 2 1 1 149 150 214
298 2 2 1 1 149 214 213
299 2 2 1 1 150 151 215
300 2 2 1 1 150 215 214
301 2 2 1 1 151 152 216
302 2 2 1 1 151 216 215
303 2 2 1 1 152 153 217
304 2 2 1 1 152 217 216
305 2 2 1 1 153 154 218
306 2 2 1 1 153 218 217
307 2 2 1 1 154 155 219
308 2 2 1 1 154 219 218
309 2 2 1 1 155 156 220
310 2 2 1 1 155 220 219
311 2 2 1 1 156 157 221
312 2 2 1 1 156 221 220
313 2 2 1 1 157 158 222
314 2 2 1 1 157 222 221
315 2 2 1 1 158 159 223
316 2 2 1 1 158 223 222
317 2 2 1 1 159 160 224
318 2 2 1 1 159 224 223
319 2 2 1 1 160 161 225
320 2 2 1 1 160 225 224
321 2 2 1 1 161 162 226
322 2 2 1 1 161 226 225
323 2 2 1 1 162 163 227
324 2 2 1 1 162 227 226
325 2 2 1 1 163 164 228
326 2 2 1 1 163 228 227
327 2 2 1 1 164 165 229
328 2 2 1 1 164 229 228
329 2 2 1 1 165 166 230
330 2 2 1 1 165 230 229
331 2 2 1 1 166 167 231
332 2 2 1 1 166 231 230
333 2 2 1 1 167 168 232
334 2 2 1 1 167 232 231
335 2 2 1 1 168 169 233
336 2 2 1 1 168 233 232
337 2 2 1 1 169 170 234
338 2 2 1 1 169 234 233
339 2 2 1 1 170 171 235
340 2 2 1 1 170 235 234
341 2 2 1 1 171 172 236
342 2 2 1 1 171 236 235
343 2 2 1 1 172 173 237
344 2 2 1 1 172 237 236
345 2 2 1 1 173 174 238
346 2 2 1 1 173 238 237
347 2 2 1 1 174 175 239
348 2 2 1 1 174 239 238
349 2 2 1 1 175 176 240
350 2 2 1 1 175 240 239
351 2 2 1 1 176 177 241
352 2 2 1 1 176 241 240
353 2 2 1 1 177 178 242
354 2 2 1 1 177 242 241
355 2 2 1 1 178 179 243
356 2 2 1 1 178 243 242
357 2 2 1 1 179 180 244
358 2 2 1 1 179 244 243
359 2 2 1 1 180 181 245
360 2 2 1 1 180 245 244
361 2 2 1 1 181 182 246
362 2 2 1 1 181 246 245
363 2 2 1 1 182 183 247
364 2 2 1 1 182 247 246
365 2 2 1 1 183 184 248
366 2 2 1 1 183 248 247
367 2 2 1 1 184 185 249
368 2 2 1 1 184 249 248
369 2 2 1 1 185 186 250
370 2 2 1 1 185 250 249
371 2 2 1 1 186 187 251
372 2 2 1 1 186 251 250
373 2 2 1 1 187 188 252
374 2 2 1 1 187 252 251
375 2 2 1 1 188 189 253
376 2 2 1 1 188 253 252
377 2 2 1 1 189 190 254
378 2 2 1 1 189 254 253
379 2 2 1 1 190 191 255
380 2 2 1 1 190 255 254
381 2 2 1 1 191 192 256
382 2 2 1 1 191 256 255
383 2 2 1 1 192 129 193
384 2 2 1 1 192 193 256
385 2 2 1 1 193 194 258
386 2 2 1 1 193 258 257
387 2 2 1 1 194 195 259
388 2 2 1 1 194 259 258
389 2 2 1 1 195 196 260
390 2 2 1 1 195 260 259
391 2 2 1 1 196 197 261
392 2 2 1 1 196 261 260
393 2 2 1 1 197 198 262
394 2 2 1 1 197 262 261
395 2 2 1 1 198 199 263
396 2 2 1 1 198 263 262
397 2 2 1 1 199 200 264
398 2 2 1 1 199 264 263
399 2 2 1 1 200 201 265
400 2 2 1 1 200 265 264
401 2 2 1 1 201 202 266
402 2 2 1 1 201 266 265
403 2 2 1 1 202 203 267
404 2 2 1 1 202 267 266
405 2 2 1 1 203 204 268
406 2 2 1 1 203 268 267
407 2 2 1 1 204 205 269
408 2 2 1 1 204 269 268
409 2 2 1 1 205 206 270
410 2 2 1 1 205 270 269
411 2 2 1 1 206 207 271
412 2 2 1 1 206 271 270
413 2 2 1 1 207 208 272
414 2 2 1 1 207 272 271
415 2 2 1 1 208 209 273
416 2 2 1 1 208 273 272
417 2 2 1 1 209 210 274
418 2 2 1 1 209 274 273
419 2 2 1 1 210 211 275
420 2 2 1 1 210 275 274
421 2 2 1 1 211 212 276
422 2 2 1 1 211 276 275
423 2 2 1 1 212 213 277
424 2 2 1 1 212 277 276
425 2 2 1 1 213 214 278
426 2 2 1 1 213 278 277
427 2 2 1 1 214 215 279
428 2 2 1 1 214 279 278
429 2 2 1 1 215 216 280
430 2 2 1 1 215 280 279
431 2 2 1 1 216 217 281
432 2 2 1 1 216 281 280
433 2 2 1 1 217 218 282
434 2 2 1 1 217 282 281
435 2 2 1 1 218 219 283
436 2 2 1 1 218 283 282
437 2 2 1 1 219 220 284
438 2 2 1 1 219 284 283
439 2 2 1 1 220 221 285
440 2 2 1 1 220 285 284
441 2 2 1 1 221 222 286
442 2 2 1 1 221 286 285
443 2 2 1 1 222 223 287
444 2 2 1 1 222 287 286
445 2 2 1 1 223 224 288
446 2 2 1 1 223 288 287
447 2 2 1 1 224 225 289
448 2 2 1 1 224 289 288
449 2 2 1 1 225 226 290
450 2 2 1 1 225 290 289
451 2 2 1 1 226 227 291
452 2 2 1 1 226 291 290
453 2 2 1 1 227 228 292
454 2 2 1 1 227 292 291
455 2 2 1 1 228 229 293
456 2 2 1 1 228 293 292
457 2 2 1 1 229 230 294
458 2 2 1 1 229 294 293
459 2 2 1 1 230 231 295
460 2 2 1 1 230 295 294
461 2 2 1 1 231 232 296
462 2 2 1 1 231 296 295
463 2 2 1 1 232 233 297
464 2 2 1 1 232 297 296
465 2 2 1 1 233 234 298
466 2 2 1 1 233 298 297
467 2 2 1 1 234 235 299
468 2 2 1 1 234 299 298
469 2 2 1 1 235 236 300
470 2 2 1 1 235 300 299
471 2 2 1 1 236 237 301
472 2 2 1 1 236 301 300
473 2 2 1 1 237 238 302
474 2 2 1 1 237 302 301
475 2 2 1 1 238 239 303
476 2 2 1 1 238 303 302
477 2 2 1 1 239 240 304
478 2 2 1 1 239 304 303
479 2 2 1 1 240 241 305
480 2 2 1 1 240 305 304
481 2 2 1 1 241 242 306
482 2 2 1 1 241 306 305
483 2 2 1 1 242 243 307
484 2 2 1 1 242 307 306
485 2 2 1 1 243 244 308
486 2 2 1 1 243 308 307
487 2 2 1 1 244 245 309
488 2 2 1 1 244 309 308
489 2 2 1 1 245 246 310
490 2 2 1 1 245 310 309
491 2 2 1 1 246 247 311
492 2 2 1 1 246 311 310
493 2 2 1 1 247 248 312
494 2 2 1 1 247 312 311
495 2 2 1 1 248 249 313
496 2 2 1 1 248 313 312
497 2 2 1 1 249 250 314
498 2 2 1 1 249 314 313
499 2 2 1 1 250 251 315
500 2 2 1 1 250 315 314
501 2 2 1 1 251 252 316
502 2 2 1 1 251 316 315
503 2 2 1 1 252 253 317
504 2 2 1 1 252 317 316
505 2 2 1 1 253 254 318
506 2 2 1 1 253 318 317
507 2 2 1 1 254 255 319
508 2 2 1 1 254 319 318
509 2 2 1 1 255 256 320
510 2 2 1 1 255 320 319
511 2 2 1 1 256 193 257
512 2 2 1 1 256 257 320
513 2 2 1 1 257 258 322
514 2 2 1 1 257 322 321
515 2 2 1 1 258 259 323
516 2 2 1 1 258 323 322
517 2 2 1 1 259 260 324
518 2 2 1 1 259 324 323
519 2 2 1 1 260 261 325
520 2 2 1 1 260 325 324
521 2 2 1 1 261 262 326
522 2 2 1 1 261 326 325
523 2 2 1 1 262 263 327
524 2 2 1 1 262 327 326
525 2 2 1 1 263 264 328
526 2 2 1 1 263 328 327
527 2 2 1 1 264 265 329
528 2 2 1 1 264 329 328
529 2 2 1 1 265 266 330
530 2 2 1 1 265 330 329
531 2 2 1 1 266 267 331
532 2 2 1 1 266 331 330
533 2 2 1 1 267 268 332
534 2 2 1 1 267 332 331
535 2 2 1 1 268 269 333
536 2 2 1 1 268 333 332
537 2 2 1 1 269 270 334
538 2 2 1 1 269 334 333
539 2 2 1 1 270 271 335
540 2 2 1 1 270 335 334
541 2 2 1 1 271 272 336
542 2 2 1 1 271 336 335
543 2 2 1 1 272 273 337
544 2 2 1 1 272 337 336
545 2 2 1 1 273 274 338
546 2 2 1 1 273 338 337
547 2 2 1 1 274 275 339
548 2 2 1 1 274 339 338
549 2 2 1 1 275 276 340
550 2 2 1 1 275 340 339
551 2 2 1 1 276 277 341
552 2 2 1 1 276 341 340
553 2 2 1 1 277 278 342
554 2 2 1 1 277 342 341
555 2 2 1 1 278 279 343
556 2 2 1 1 278 343 342
557 2 2 1 1 279 280 344
558 2 2 1 1 279 344 343
559 2 2 1 1 280 281 345
560 2 2 1 1 280 345 344
561 2 2 1 1 281 282 346
562 2 2 1 1 281 346 345
563 2 2 1 1 282 283 347
564 2 2 1 1 282 347 346
565 2 2 1 1 283 284 348
566 2 2 1 1 283 348 347
567 2 2 1 1 284 285 349
568 2 2 1 1 284 349 348
569 2 2 1 1 285 286 350
570 2 2 1 1 285 350 349
571 2 2 1 1 286 287 351
572 2 2 1 1 286 351 350
573 2 2 1 1 287 288 352
574 2 2 1 1 287 352 351
575 2 2 1 1 288 289 353
576 2 2 1 1 288 353 352
577 2 2 1 1 289 290 354
578 2 2 1 1 289 354 353
579 2 2 1 1 290 291 355
580 2 2 1 1 290 355 354
581 2 2 1 1 291 292 356
582 2 2 1 1 291 356 355
583 2 2 1 1 292 293 357
584 2 2 1 1 292 357 356
585 2 2 1 1 293 294 358
586 2 2 1 1 293 358 357
587 2 2 1 1 294 295 359
588 2 2 1 1 294 359 358
589 2 2 1 1 295 296 360
590 2 2 1 1 295 360 359
591 2 2 1 1 296 297 361
592 2 2 1 1 296 361 360
593 2 2 1 1 297 298 362
594 2 2 1 1 297 362 361
595 2 2 1 1 298 299 363
596 2 2 1 1 298 363 362
597 2 2 1 1 299 300 364
598 2 2 1 1 299 364 363
599 2 2 1 1 300 301 365
600 2 2 1 1 300 365 364
601 2 2 1 1 301 302 366
602 2 2 1 1 301 366 365
603 2 2 1 1 302 303 367
604 2 2 1 1 302 367 366
605 2 2 1 1 303 304 368
606 2 2 1 1 303 368 367
607 2 2 1 1 304 305 369
608 2 2 1 1 304 369 368
609 2 2 1 1 305 306 370
610 2 2 1 1 305 370 369
611 2 2 1 1 306 307 371
612 2 2 1 1 306 371 370
613 2 2 1 1 307 308 372
614 2 2 1 1 307 372 371
615 2 2 1 1 308 309 373
616 2 2 1 1 308 373 372
617 2 2 1 1 309 310 374
618 2 2 1 1 309 374 373
619 2 2 1 1 310 311 375
620 2 2 1 1 310 375 374
621 2 2 1 1 311 312 376
622 2 2 1 1 311 376 375
623 2 2 1 1 312 313 377
624 2 2 1 1 312 377 376
625 2 2 1 1 313 314 378
626 2 2 1 1 313 378 377
627 2 2 1 1 314 315 379
628 2 2 1 1 314 379 378
629 2 2 1 1 315 316 380
630 2 2 1 1 315 380 379
631 2 2 1 1 316 317 381
632 2 2 1 1 316 381 380
633 2 2 1 1 317 318 382
634 2 2 1 1 317 382 381
635 2 2 1 1 318 319 383
636 2 2 1 1 318 383 382
637 2 2 1 1 319 320 384
638 2 2 1 1 319 384 383
639 2 2 1 1 320 257 321
640 2 2 1 1 320 321 384
641 2 2 1 1 321 322 386
642 2 2 1 1 321 386 385
643 2 2 1 1 322 323 387
644 2 2 1 1 322 387 386
645 2 2 1 1 323 324 388
646 2 2 1 1 323 388 387
647 2 2 1 1 324 325 389
648 2 2 1 1 324 389 388
649 2 2 1 1 325 326 390
650 2 2 1 1 325 390 389
651 2 2 1 1 326 327 391
652 2 2 1 1 326 391 390
653 2 2 1 1 327 328 392
654 2 2 1 1 327 392 391
655 2 2 1 1 328 329 393
656 2 2 1 1 328 393 392
657 2 2 1 1 329 330 394
658 2 2 1 1 329 394 393
659 2 2 1 1 330 331 395
660 2 2 1 1 330 395 394
661 2 2 1 1 331 332 396
662 2 2 1 1 331 396 395
663 2 2 1 1 332 333 397
664 2 2 1 1 332 397 396
665 2 2 1 1 333 334 398
666 2 2 1 1 333 398 397
667 2 2 1 1 334 335 399
668 2 2 1 1 334 399 398
669 2 2 1 1 335 336 400
670 2 2 1 1 335 400 399
671 2 2 1 1 336 337 401
672 2 2 1 1 336 401 400
673 2 2 1 1 337 338 402
674 2 2 1 1 337 402 401
675 2 2 1 1 338 339 403
676 2 2 1 1 338 403 402
677 2 2 1 1 339 340 404
678 2 2 1 1 339 404 403
679 2 2 1 1 340 341 405
680 2 2 1 1 340 405 404
681 2 2 1 1 341 342 406
682 2 2 1 1 341 406 405
683 2 2 1 1 342 343 407
684 2 2 1 1 342 407 406
685 2 2 1 1 343 344 408
686 2 2 1 1 343 408 407
687 2 2 1 1 344 345 409
688 2 2 1 1 344 409 408
689 2 2 1 1 345 346 410
690 2 2 1 1 345 410 409
691 2 2 1 1 346 347 411
692 2 2 1 1 346 411 410
693 2 2 1 1 347 348 412
694 2 2 1 1 347 412 411
695 2 2 1 1 348 349 413
696 2 2 1 1 348 413 412
697 2 2 1 1 349 350 414
698 2 2 1 1 349 414 413
699 2 2 1 1 350 351 415
700 2 2 1 1 350 415 414
701 2 2 1 1 351 352 416
702 2 2 1 1 351 416 415
703 2 2 1 1 352 353 417
704 2 2 1 1 352 417 416
705 2 2 1 1 353 354 418
706 2 2 1 1 353 418 417
707 2 2 1 1 354 355 419
708 2 2 1 1 354 419 418
709 2 2 1 1 355 356 420
710 2 2 1 1 355 420 419
711 2 2 1 1 356 357 421
712 2 2 1 1 356 421 420
713 2 2 1 1 357 358 422
714 2 2 1 1 357 422 421
715 2 2 1 1 358 359 423
716 2 2 1 1 358 423 422
717 2 2 1 1 359 360 424
718 2 2 1 1 359 424 423
719 2 2 1 1 360 361 425
720 2 2 1 1 360 425 424
721 2 2 1 1 361 362 426
722 2 2 1 1 361 426 425
723 2 2 1 1 362 363 427
724 2 2 1 1 362 427 426
725 2 2 1 1 363 364 428
726 2 2 1 1 363 428 427
727 2 2 1 1 364 365 429
728 2 2 1 1 364 429 428
729 2 2 1 1 365 366 430
730 2 2 1 1 365 430 429
731 2 2 1 1 366 367 431
732 2 2 1 1 366 431 430
733 2 2 1 1 367 368 432
734 2 2 1 1 367 432 431
735 2 2 1 1 368 369 433
736 2 2 1 1 368 433 432
737 2 2 1 1 369 370 434
738 2 2 1 1 369 434 433
739 2 2 1 1 370 371 435
740 2 2 1 1 370 435 434
741 2 2 1 1 371 372 436
742 2 2 1 1 371 436 435
743 2 2 1 1 372 373 437
744 2 2 1 1 372 437 436
745 2 2 1 1 373 374 438
746 2 2 1 1 373 438 437
747 2 2 1 1 374 375 439
748 2 2 1 1 374 439 438
749 2 2 1 1 375 376 440
750 2 2 1 1 375 440 439
751 2 2 1 1 376 377 441
752 2 2 1 1 376 441 440
753 2 2 1 1 377 378 442
754 2 2 1 1 377 442 441
755 2 2 1 1 378 379 443
756 2 2 1 1 378 443 442
757 2 2 1 1 379 380 444
758 2 2 1 1 379 444 443
759 2 2 1 1 380 381 445
760 2 2 1 1 380 445 444
761 2 2 1 1 381 382 446
762 2 2 1 1 381 446 445
763 2 2 1 1 382 383 447
764 2 2 1 1 382 447 446
765 2 2 1 1 383 384 448
766 2 2 1 1 383 448 447
767 2 2 1 1 384 321 385
768 2 2 1 1 384 385 448
769 2 2 1 1 385 386 450
770 2 2 1 1 385 450 449
771 2 2 1 1 386 387 451
772 2 2 1 1 386 451 450
773 2 2 1 1 387 388 452
774 2 2 1 1 387 452 451
775 2 2 1 1 388 389 453
776 2 2 1 1 388 453 452
777 2 2 1 1 389 390 454
778 2 2 1 1 389 454 453
779 2 2 1 1 390 391 455
780 2 2 1 1 390 455 454
781 2 2 1 1 391 392 456
782 2 2 1 1 391 456 455
783 2 2 1 1 392 393 457
784 2 2 1 1 392 457 456
785 2 2 1 1 393 394 458
786 2 2 1 1 393 458 457
787 2 2 1 1 394 395 459
788 2 2 1 1 394 459 458
789 2 2 1 1 395 396 460
790 2 2 1 1 395 460 459
791 2 2 1 1 396 397 461
792 2 2 1 1 396 461 460
793 2 2 1 1 397 398 462
794 2 2 1 1 397 462 461
795 2 2 1 1 398 399 463
796 2 2 1 1 398 463 462
797 2 2 1 1 399 400 464
798 2 2 1 1 399 464 463
799 2 2 1 1 400 401 465
800 2 2 1 1 400 465 464
801 2 2 1 1 401 402 466
802 2 2 1 1 401 466 465
803 2 2 1 1 402 403 467
804 2 2 1 1 402 467 466
805 2 2 1 1 403 404 468
806 2 2 1 1 403 468 467
807 2 2 1 1 404 405 469
808 2 2 1 1 404 469 468
809 2 2 1 1 405 406 470
810 2 2 1 1 405 470 469
811 2 2 1 1 406 407 471
812 2 2 1 1 406 471 470
813 2 2 1 1 407 408 472
814 2 2 1 1 407 472 471
815 2 2 1 1 408 409 473
816 2 2 1 1 408 473 472
817 2 2 1 1 409 410 474
818 2 2 1 1 409 474 473
819 2 2 1 1 410 411 475
820 2 2 1 1 410 475 474
821 2 2 1 1 411 412 476
822 2 2 1 1 411 476 475
823 2 2 1 1 412 413 477
824 2 2 1 1 412 477 476
825 2 2 1 1 413 414 478
826 2 2 1 1 413 478 477
827 2 2 1 1 414 415 479
828 2 2 1 1 414 479 478
829 2 2 1 1 415 416 480
830 2 2 1 1 415 480 479
831 2 2 1 1 416 417 481
832 2 2 1 1 416 481 480
833 2 2 1 1 417 418 482
834 2 2 1 1 417 482 481
835 2 2 1 1 418 419 483
836 2 2 1 1 418 483 482
837 2 2 1 1 419 420 484
838 2 2 1 1 419 484 483
839 2 2 1 1 420 421 485
840 2 2 1 1 420 485 484
841 2 2 1 1 421 422 486
842 2 2 1 1 421 486 485
843 2 2 1 1 422 423 487
844 2 2 1 1 422 487 486
845 2 2 1 1 423 424 488
846 2 2 1 1 423 488 487
847 2 2 1 1 424 425 489
848 2 2 1 1 424 489 488
849 2 2 1 1 425 426 490
850 2 2 1 1 425 490 489
851 2 2 1 1 426 427 491
852 2 2 1 1 426 491 490
853 2 2 1 1 427 428 492
854 2 2 1 1 427 492 491
855 2 2 1 1 428 429 493
856 2 2 1 1 428 493 492
857 2 2 1 1 429 430 494
858 2 2 1 1 429 494 493
859 2 2 1 1 430 431 495
860 2 2 1 1 430 495 494
861 2 2 1 1 431 432 496
862 2 2 1 1 431 496 495
863 2 2 1 1 432 433 497
864 2 2 1 1 432 497 496
865 2 2 1 1 433 434 498
866 2 2 1 1 433 498 497
867 2 2 1 1 434 435 499
868 2 2 1 1 434 499 498
869 2 2 1 1 435 436 500
870 2 2 1 1 435 500 499
871 2 2 1 1 436 437 501
872 2 2 1 1 436 501 500
873 2 2 1 1 437 438 502
874 2 2 1 1 437 502 501
875 2 2 1 1 438 439 503
876 2 2 1 1 438 503 502
877 2 2 1 1 439 440 504
878 2 2 1 1 439 504 503
879 2 2 1 1 440 441 505
880 2 2 1 1 440 505 504
881 2 2 1 1 441 442 506
882 2 2 1 1 441 506 505
883 2 2 1 1 442 443 507
884 2 2 1 1 442 507 506
885 2 2 1 1 443 444 508
886 2 2 1 1 443 508 507
887 2 2 1 1 444 445 509
888 2 2 1 1 444 509 508
889 2 2 1 1 445 446 510
890 2 2 1 1 445 510 509
891 2 2 1 1 446 447 511
892 2 2 1 1 446 511 510
893 2 2 1 1 447 448 512
894 2 2 1 1 447 512 511
895 2 2 1 1 448 385 449
896 2 2 1 1 448 449 512
897 2 2 1 1 449 450 514
898 2 2 1 1 449 514 513
899 2 2 1 1 450 451 515
900 2 2 1 1 450 515 514
901 2 2 1 1 451 452 516
902 2 2 1 1 451 516 515
903 2 2 1 1 452 453 517
904 2 2 1 1 452 517 516
905 2 2 1 1 453 454 518
906 2 2 1 1 453 518 517
907 2 2 1 1 454 455 519
908 2 2 1 1 454 519 518
909 2 2 1 1 455 456 520
910 2 2 1 1 455 520 519
911 2 2 1 1 456 457 521
912 2 2 1 1 456 521 520
913 2 2 1 1 457 458 522
914 2 2 1 1 457 522 521
915 2 2 1 1 458 459 523
916 2 2 1 1 458 523 522
917 2 2 1 1 459 460 524
918 2 2 1 1 459 524 523
919 2 2 1 1 460 461 525
920 2 2 1 1 460 525 524
921 2 2 1 1 461 462 526
922 2 2 1 1 461 526 525
923 2 2 1 1 462 463 527
924 2 2 1 1 462 527 526
925 2 2 1 1 463 464 528
926 2 2 1 1 463 528 527
927 2 2 1 1 464 465 529
928 2 2 1 1 464 529 528
929 2 2 1 1 465 466 530
930 2 2 1 1 465 530 529
931 2 2 1 1 466 467 531
932 2 2 1 1 466 531 530
933 2 2 1 1 467 468 532
934 2 2 1 1 467 532 531
935 2 2 1 1 468 469 533
936 2 2 1 1 468 533 532
937 2 2 1 1 469 470 534
938 2 2 1 1 469 534 533
939 2 2 1 1 470 471 535
940 2 2 1 1 470 535 534
941 2 2 1 1 471 472 536
942 2 2 1 1 471 536 535
943 2 2 1 1 472 473 537
944 2 2 1 1 472 537 536
945 2 2 1 1 473 474 538
946 2 2 1 1 473 538 537
947 2 2 1 1 474 475 539
948 2 2 1 1 474 539 538
949 2 2 1 1 475 476 540
950 2 2 1 1 475 540 539
951 2 2 1 1 476 477 541
952 2 2 1 1 476 541 540
953 2 2 1 1 477 478 542
954 2 2 1 1 477 542 541
955 2 2 1 1 478 479 543
956 2 2 1 1 478 543 542
957 2 2 1 1 479 480 544
958 2 2 1 1 479 544 543
959 2 2 1 1 480 481 545
960 2 2 1 1 480 545 544
961 2 2 1 1 481 482 546
962 2 2 1 1 481 546 545
963 2 2 1 1 482 483 547
964 2 2 1 1 482 547 546
965 2 2 1 1 483 484 548
966 2 2 1 1 483 548 547
967 2 2 1 1 484 485 549
968 2 2 1 1 484 549 548
969 2 2 1 1 485 486 550
970 2 2 1 1 485 550 549
971 2 2 1 1 486 487 551
972 2 2 1 1 486 551 550
973 2 2 1 1 487 488 552
974 2 2 1 1 487 552 551
975 2 2 1 1 488 489 553
976 2 2 1 1 488 553 552
977 2 2 1 1 489 490 554
978 2 2 1 1 489 554 553
979 2 2 1 1 490 491 555
980 2 2 1 1 490 555 554
981 2 2 1 1 491 492 556
982 2 2 1 1 491 556 555
983 2 2 1 1 492 493 557
984 2 2 1 1 492 557 556
985 2 2 1 1 493 494 558
986 2 2 1 1 493 558 557
987 2 2 1 1 494 495 559
988 2 2 1 1 494 559 558
989 2 2 1 1 495 496 560
990 2 2 1 1 495 560 559
991 2 2 1 1 496 497 561
992 2 2 1 1 496 561 560
993 2 2 1 1 497 498 562
994 2 2 1 1 497 562 561
995 2 2 1 1 498 499 563
996 2 2 1 1 498 563 562
997 2 2 1 1 499 500 564
998 2 2 1 1 499 564 563
999 2 2 1 1 500 501 565
1000 2 2 1 1 500 565 564
1001 2 2 1 1 501 502 566
1002 2 2 1 1 501 566 565
1003 2 2 1 1 502 503 567
1004 2 2 1 1 502 567 566
1005 2 2 1 1 503 504 568
1006 2 2 1 1 503 568 567
1007 2 2 1 1 504 505 569
1008 2 2 1 1 504 569 568
1009 2 2 1 1 505 506 570
1010 2 2 1 1 505 570 569
1011 2 2 1 1 506 507 571
1012 2 2 1 1 506 571 570
1013 2 2 1 1 507 508 572
1014 2 2 1 1 507 572 571
1015 2 2 1 1 508 509 573
1016 2 2 1 1 508 573 572
1017 2 2 1 1 509 510 574
1018 2 2 1 1 509 574 573
1019 2 2 1 1 510 511 575
1020 2 2 1 1 510 575 574
1021 2 2 1 1 511 512 576
1022 2 2 1 1 511 576 575
1023 2 2 1 1 512 449 513
1024 2 2 1 1 512 513 576
1025 2 2 1 1 513 514 578
1026 2 2 1 1 513 578 577
1027 2 2 1 1 514 515 579
1028 2 2 1 1 514 579 578
1029 2 2 1 1 515 516 580
1030 2 2 1 1 515 580 579
1031 2 2 1 1 516 517 581
1032 2 2 1 1 516 581 580
1033 2 2 1 1 517 518 582
1034 2 2 1 1 517 582 581
1035 2 2 1 1 518 519 583
1036 2 2 1 1 518 583 582
1037 2 2 1 1 519 520 584
1038 2 2 1 1 519 584 583
1039 2 2 1 1 520 521 585
1040 2 2 1 1 520 585 584
1041 2 2 1 1 521 522 586
1042 2 2 1 1 521 586 585
1043 2 2 1 1 522 523 587
1044 2 2 1 1 522 587 586
1045 2 2 1 1 523 524 588
1046 2 2 1 1 523 588 587
1047 2 2 1 1 524 525 589
1048 2 2 1 1 524 589 588
1049 2 2 1 1 525 526 590
1050 2 2 1 1 525 590 589
1051 2 2 1 1 526 527 591
1052 2 2 1 1 526 591 590
1053 2 2 1 1 527 528 592
1054 2 2 1 1 527 592 591
1055 2 2 1 1 528 529 593
1056 2 2 1 1 528 593 592
1057 2 2 1 1 529 530 594
1058 2 2 1 1 529 594 593
1059 2 2 1 1 530 531 595
1060 2 2 1 1 530 595 594
1061 2 2 1 1 531 532 596
1062 2 2 1 1 531 596 595
1063 2 2 1 1 532 533 597
1064 2 2 1 1 532 597 596
1065 2 2 1 1 533 534 598
1066 2 2 1 1 533 598 597
1067 2 2 1 1 534 535 599
1068 2 2 1 1 534 599 598
1069 2 2 1 1 535 536 600
1070 2 2 1 1 535 600 599
1071 2 2 1 1 536 537 601
1072 2 2 1 1 536 601 600
1073 2 2 1 1 537 538 602
1074 2 2 1 1 537 602 601
1075 2 2 1 1 538 539 603
1076 2 2 1 1 538 603 602
1077 2 2 1 1 539 540 604
1078 2 2 1 1 539 604 603
1079 2 2 1 1 540 541 605
1080 2 2 1 1 540 605 604
1081 2 2 1 1 541 542 606
1082 2 2 1 1 541 606 605
1083 2 2 1 1 542 543 607
1084 2 2 1 1 542 607 606
1085 2 2 1 1 543 544 608
1086 2 2 1 1 543 608 607
1087 2 2 1 1 544 545 609
1088 2 2 1 1 544 609 608
1089 2 2 1 1 545 546 610
1090 2 2 1 1 545 610 609
1091 2 2 1 1 546 547 611
1092 2 2 1 1 546 611 610
1093 2 2 1 1 547 548 612
1094 2 2 1 1 547 612 611
1095 2 2 1 1 548 549 613
1096 2 2 1 1 548 613 612
1097 2 2 1 1 549 550 614
1098 2 2 1 1 549 614 613
1099 2 2 1 1 550 551 615
1100 2 2 1 1 550 615 614
1101 2 2 1 1 551 552 616
1102 2 2 1 1 551 616 615
1103 2 2 1 1 552 553 617
1104 2 2 1 1 552 617 616
1105 2 2 1 1 553 554 618
1106 2 2 1 1 553 618 617
1107 2 2 1 1 554 555 619
1108 2 2 1 1 554 619 618
1109 2 2 1 1 555 556 620
1110 2 2 1 1 555 620 619
1111 2 2 1 1 556 557 621
1112 2 2 1 1 556 621 620
1113 2 2 1 1 557 558 622
1114 2 2 1 1 557 622 621
1115 2 2 1 1 558 559 623
1116 2 2 1 1 558 623 622
1117 2 2 1 1 559 560 624
1118 2 2 1 1 559 624 623
1119 2 2 1 1 560 561 625
1120 2 2 1 1 560 625 624
1121 2 2 1 1 561 562 626
1122 2 2 1 1 561 626 625
1123 2 2 1 1 562 563 627
1124 2 2 1 1 562 627 626
1125 2 2 1 1 563 564 628
1126 2 2 1 1 563 628 627
1127 2 2 1 1 564 565 629
1128 2 2 1 1 564 629 628
1129 2 2 1 1 565 566 630
1130 2 2 1 1 565 630 629
1131 2 2 1 1 566 567 631
1132 2 2 1 1 566 631 630
1133 2 2 1 1 567 568 632
1134 2 2 1 1 567 632 631
1135 2 2 1 1 568 569 633
1136 2 2 1 1 568 633 632
1137 2 2 1 1 569 570 634
1138 2 2 1 1 569 634 633
1139 2 2 1 1 570 571 635
1140 2 2 1 1 570 635 634
1141 2 2 1 1 571 572 636
1142 2 2 1 1 571 636 635
1143 2 2 1 1 572 573 637
1144 2 2 1 1 572 637 636
1145 2 2 1 1 573 574 638
1146 2 2 1 1 573 638 637
1147 2 2 1 1 574 575 639
1148 2 2 1 1 574 639 638
1149 2 2 1 1 575 576 640
1150 2 2 1 1 575 640 639
1151 2 2 1 1 576 513 577
1152 2 2 1 1 576 577 640
1153 2 2 1 1 577 578 642
1154 2 2 1 1 577 642 641
1155 2 2 1 1 578 579 643
1156 2 2 1 1 578 643 642
1157 2 2 1 1 579 580 644
1158 2 2 1 1 579 644 643
1159 2 2 1 1 580 581 645
1160 2 2 1 1 580 645 644
1161 2 2 1 1 581 582 646
1162 2 2 1 1 581 646 645
1163 2 2 1 1 582 583 647
1164 2 2 1 1 582 647 646
1165 2 2 1 1 583 584 648
1166 2 2 1 1 583 648 647
1167 2 2 1 1 584 585 649
1168 2 2 1 1 584 649 648
1169 2 2 1 1 585 586 650
1170 2 2 1 1 585 650 649
1171 2 2 1 1 586 587 651
1172 2 2 1 1 586 651 650
1173 2 2 1 1 587 588 652
1174 2 2 1 1 587 652 651
1175 2 2 1 1 588 589 653
1176 2 2 1 1 588 653 652
1177 2 2 1 1 589 590 654
1178 2 2 1 1 589 654 653
1179 2 2 1 1 590 591 655
1180 2 2 1 1 590 655 654
1181 2 2 1 1 591 592 656
1182 2 2 1 1 591 656 655
1183 2 2 1 1 592 593 657
1184 2 2 1 1 592 657 656
1185 2 2 1 1 593 594 658
1186 2 2 1 1 593 658 657
1187 2 2 1 1 594 595 659
1188 2 2 1 1 594 659 658
1189 2 2 1 1 595 596 660
1190 2 2 1 1 595 660 659
1191 2 2 1 1 596 597 661
1192 2 2 1 1 596 661 660
1193 2 2 1 1 597 598 662
1194 2 2 1 1 597 662 661
1195 2 2 1 1 598 599 663
1196 2 2 1 1 598 663 662
1197 2 2 1 1 599 600 664
1198 2 2 1 1 599 664 663
1199 2 2 1 1 600 601 665
1200 2 2 1 1 600 665 664
1201 2 2 1 1 601 602 666
1202 2 2 1 1 601 666 665
1203 2 2 1 1 602 603 667
1204 2 2 1 1 602 667 666
1205 2 2 1 1 603 604 668
1206 2 2 1 1 603 668 667
1207 2 2 1 1 604 605 669
1208 2 2 1 1 604 669 668
1209 2 2 1 1 605 606 670
1210 2 2 1 1 605 670 669
1211 2 2 1 1 606 607 671
1212 2 2 1 1 606 671 670
1213 2 2 1 1 607 608 672
1214 2 2 1 1 607 672 671
1215 2 2 1 1 608 609 673
1216 2 2 1 1 608 673 672
1217 2 2 1 1 609 610 674
1218 2 2 1 1 609 674 673
1219 2 2 1 1 610 611 675
1220 2 2 1 1 610 675 674
1221 2 2 1 1 611 612 676
1222 2 2 1 1 611 676 675
1223 2 2 1 1 612 613 677
1224 2 2 1 1 612 677 676
1225 2 2 1 1 613 614 678
1226 2 2 1 1 613 678 677
1227 2 2 1 1 614 615 679
1228 2 2 1 1 614 679 678
1229 2 2 1 1 615 616 680
1230 2 2 1 1 615 680 679
1231 2 2 1 1 616 617 681
1232 2 2 1 1 616 681 680
1233 2 2 1 1 617 618 682
1234 2 2 1 1 617 682 681
1235 2 2 1 1 618 619 683
1236 2 2 1 1 618 683 682
1237 2 2 1 1 619 620 684
1238 2 2 1 1 619 684 683
1239 2 2 1 1 620 621 685
1240 2 2 1 1 620 685 684
1241 2 2 1 1 621 622 686
1242 2 2 1 1 621 686 685
1243 2 2 1 1 622 623 687
1244 2 2 1 1 622 687 686
1245 2 2 1 1 623 624 688
1246 2 2 1 1 623 688 687
1247 2 2 1 1 624 625 689
1248 2 2 1 1 624 689 688
1249 2 2 1 1 625 626 690
1250 2 2 1 1 625 690 689
1251 2 2 1 1 626 627 691
1252 2 2 1 1 626 691 690
1253 2 2 1 1 627 628 692
1254 2 2 1 1 627 692 691
1255 2 2 1 1 628 629 693
1256 2 2 1 1 628 693 692
1257 2 2 1 1 629 630 694
1258 2 2 1 1 629 694 693
1259 2 2 1 1 630 631 695
1260 2 2 1 1 630 695 694
1261 2 2 1 1 631 632 696
1262 2 2 1 1 631 696 695
1263 2 2 1 1 632 633 697
1264 2 2 1 1 632 697 696
1265 2 2 1 1 633 634 698
1266 2 2 1 1 633 698 697
1267 2 2 1 1 634 635 699
1268 2 2 1 1 634 699 698
1269 2 2 1 1 635 636 700
1270 2 2 1 1 635 700 699
1271 2 2 1 1 636 637 701
1272 2 2 1 1 636 701 700
1273 2 2 1 1 637 638 702
1274 2 2 1 1 637 702 701
1275 2 2 1 1 638 639 703
1276 2 2 1 1 638 703 702
1277 2 2 1 1 639 640 704
1278 2 2 1 1 639 704 703
1279 2 2 1 1 640 577 641
1280 2 2 1 1 640 641 704
1281 2 2 1 1 641 642 706
1282 2 2 1 1 641 706 705
1283 2 2 1 1 642 643 707
1284 2 2 1 1 642 707 706
1285 2 2 1 1 643 644 708
1286 2 2 1 1 643 708 707
1287 2 2 1 1 644 645 709
1288 2 2 1 1 644 709 708
1289 2 2 1 1 645 646 710
1290 2 2 1 1 645 710 709
1291 2 2 1 1 646 647 711
1292 2 2 1 1 646 711 710
1293 2 2 1 1 647 648 712
1294 2 2 1 1 647 712 711
1295 2 2 1 1 648 649 713
1296 2 2 1 1 648 713 712
1297 2 2 1 1 649 650 714
1298 2 2 1 1 649 714 713
1299 2 2 1 1 650 651 715
1300 2 2 1 1 650 715 714
1301 2 2 1 1 651 652 716
1302 2 2 1 1 651 716 715
1303 2 2 1 1 652 653 717
1304 2 2 1 1 652 717 716
1305 2 2 1 1 653 654 718
1306 2 2 1 1 653 718 717
1307 2 2 1 1 654 655 719
1308 2 2 1 1 654 719 718
1309 2 2 1 1 655 656 720
1310 2 2 1 1 655 720 719
1311 2 2 1 1 656 657 721
1312 2 2 1 1 656 721 720
1313 2 2 1 1 657 658 722
1314 2 2 1 1 657 722 721
1315 2 2 1 1 658 659 723
1316 2 2 1 1 658 723 722
1317 2 2 1 1 659 660 724
1318 2 2 1 1 659 724 723
1319 2 2 1 1 660 661 725
1320 2 2 1 1 660 725 724
1321 2 2 1 1 661 662 726
1322 2 2 1 1 661 726 725
1323 2 2 1 1 662 663 727
1324 2 2 1 1 662 727 726
1325 2 2 1 1 663 664 728
1326 2 2 1 1 663 728 727
1327 2 2 1 1 664 665 729
1328 2 2 1 1 664 729 728
1329 2 2 1 1 665 666 730
1330 2 2 1 1 665 730 729
1331 2 2 1 1 666 667 731
1332 2 2 1 1 666 731 730
1333 2 2 1 1 667 668 732
1334 2 2 1 1 667 732 731
1335 2 2 1 1 668 669 733
1336 2 2 1 1 668 733 732
1337 2 2 1 1 669 670 734
1338 2 2 1 1 669 734 733
1339 2 2 1 1 670 671 735
1340 2 2 1 1 670 735 734
1341 2 2 1 1 671 672 736
1342 2 2 1 1 671 736 735
1343 2 2 1 1 672 673 737
1344 2 2 1 1 672 737 736
1345 2 2 1 1 673 674 738
1346 2 2 1 1 673 738 737
1347 2 2 1 1 674 675 739
1348 2 2 1 1 674 739 738
1349 2 2 1 1 675 676 740
1350 2 2 1 1 675 740 739
1351 2 2 1 1 676 677 741
1352 2 2 1 1 676 741 740
1353 2 2 1 1 677 678 742
1354 2 2 1 1 677 742 741
1355 2 2 1 1 678 679 743
1356 2 2 1 1 678 743 742
1357 2 2 1 1 679 680 744
1358 2 2 1 1 679 744 743
1359 2 2 1 1 680 681 745
1360 2 2 1 1 680 745 744
1361 2 2 1 1 681 682 746
1362 2 2 1 1 681 746 745
1363 2 2 1 1 682 683 747
1364 2 2 1 1 682 747 746
1365 2 2 1 1 683 684 748
1366 2 2 1 1 683 748 747
1367 2 2 1 1 684 685 749
1368 2 2 1 1 684 749 748
1369 2 2 1 1 685 686 750
1370 2 2 1 1 685 750 749
1371 2 2 1 1 686 687 751
1372 2 2 1 1 686 751 750
1373 2 2 1 1 687 688 752
1374 2 2 1 1 687 752 751
1375 2 2 1 1 688 689 753
1376 2 2 1 1 688 753 752
1377 2 2 1 1 689 690 754
1378 2 2 1 1 689 754 753
1379 2 2 1 1 690 691 755
1380 2 2 1 1 690 755 754
1381 2 2 1 1 691 692 756
1382 2 2 1 1 691 756 755
1383 2 2 1 1 692 693 757
1384 2 2 1 1 692 757 756
1385 2 2 1 1 693 694 758
1386 2 2 1 1 693 758 757
1387 2 2 1 1 694 695 759
1388 2 2 1 1 694 759 758
1389 2 2 1 1 695 696 760
1390 2 2 1 1 695 760 759
1391 2 2 1 1 696 697 761
1392 2 2 1 1 696 761 760
1393 2 2 1 1 697 698 762
1394 2 2 1 1 697 762 761
1395 2 2 1 1 698 699 763
1396 2 2 1 1 698 763 762
1397 2 2 1 1 699 700 764
1398 2 2 1 1 699 764 763
1399 2 2 1 1 700 701 765
1400 2 2 1 1 700 765 764
1401 2 2 1 1 701 702 766
1402 2 2 1 1 701 766 765
1403 2 2 1 1 702 703 767
1404 2 2 1 1 702 767 766
1405 2 2 1 1 703 704 768
1406 2 2 1 1 703 768 767
1407 2 2 1 1 704 641 705
1408 2 2 1 1 704 705 768
1409 2 2 1 1 705 706 770
1410 2 2 1 1 705 770 769
1411 2 2 1 1 706 707 771
1412 2 2 1 1 706 771 770
1413 2 2 1 1 707 708 772
1414 2 2 1 1 707 772 771
1415 2 2 1 1 708 709 773
1416 2 2 1 1 708 773 772
1417 2 2 1 1 709 710 774
1418 2 2 1 1 709 774 773
1419 2 2 1 1 710 711 775
1420 2 2 1 1 710 775 774
1421 2 2 1 1 711 712 776
1422 2 2 1 1 711 776 775
1423 2 2 1 1 712 713 777
1424 2 2 1 1 712 777 776
1425 2 2 1 1 713 714 778
1426 2 2 1 1 713 778 777
1427 2 2 1 1 714 715 779
1428 2 2 1 1 714 779 778
1429 2 2 1 1 715 716 780
1430 2 2 1 1 715 780 779
1431 2 2 1 1 716 717 781
1432 2 2 1 1 716 781 780
1433 2 2 1 1 717 718 782
1434 2 2 1 1 717 782 781
1435 2 2 1 1 718 719 783
1436 2 2 1 1 718 783 782
1437 2 2 1 1 719 720 784
1438 2 2 1 1 719 784 783
1439 2 2 1 1 720 721 785
1440 2 2 1 1 720 785 784
1441 2 2 1 1 721 722 786
1442 2 2 1 1 721 786 785
1443 2 2 1 1 722 723 787
1444 2 2 1 1 722 787 786
1445 2 2 1 1 723 724 788
1446 2 2 1 1 723 788 787
1447 2 2 1 1 724 725 789
1448 2 2 1 1 724 789 788
1449 2 2 1 1 725 726 790
1450 2 2 1 1 725 790 789
1451 2 2 1 1 726 727 791
1452 2 2 1 1 726 791 790
1453 2 2 1 1 727 728 792
1454 2 2 1 1 727 792 791
1455 2 2 1 1 728 729 793
1456 2 2 1 1 728 793 792
1457 2 2 1 1 729 730 794
1458 2 2 1 1 729 794 793
1459 2 2 1 1 730 731 795
1460 2 2 1 1 730 795 794
1461 2 2 1 1 731 732 796
1462 2 2 1 1 731 796 795
1463 2 2 1 1 732 733 797
1464 2 2 1 1 732 797 796
1465 2 2 1 1 733 734 798
1466 2 2 1 1 733 798 797
1467 2 2 1 1 734 735 799
1468 2 2 1 1 734 799 798
1469 2 2 1 1 735 736 800
1470 2 2 1 1 735 800 799
1471 2 2 1 1 736 737 801
1472 2 2 1 1 736 801 800
1473 2 2 1 1 737 738 802
1474 2 2 1 1 737 802 801
1475 2 2 1 1 738 739 803
1476 2 2 1 1 738 803 802
1477 2 2 1 1 739 740 804
1478 2 2 1 1 739 804 803
1479 2 2 1 1 740 741 805
1480 2 2 1 1 740 805 804
1481 2 2 1 1 741 742 806
1482 2 2 1 1 741 806 805
1483 2 2 1 1 742 743 807
1484 2 2 1 1 742 807 806
1485 2 2 1 1 743 744 808
1486 2 2 1 1 743 808 807
1487 2 2 1 1 744 745 809
1488 2 2 1 1 744 809 808
1489 2 2 1 1 745 746 810
1490 2 2 1 1 745 810 809
1491 2 2 1 1 746 747 811
1492 2 2 1 1 746 811 810
1493 2 2 1 1 747 748 812
1494 2 2 1 1 747 812 811
1495 2 2 1 1 748 749 813
1496 2 2 1 1 748 813 812
1497 2 2 1 1 749 750 814
1498 2 2 1 1 749 814 813
1499 2 2 1 1 750 751 815
1500 2 2 1 1 750 815 814
1501 2 2 1 1 751 752 816
1502 2 2 1 1 751 816 815
1503 2 2 1 1 752 753 817
1504 2 2 1 1 752 817 816
1505 2 2 1 1 753 754 818
1506 2 2 1 1 753 818 817
1507 2 2 1 1 754 755 819
1508 2 2 1 1 754 819 818
1509 2 2 1 1 755 756 820
1510 2 2 1 1 755 820 819
1511 2 2 1 1 756 757 821
1512 2 2 1 1 756 821 820
1513 2 2 1 1 757 758 822
1514 2 2 1 1 757 822 821
1515 2 2 1 1 758 759 823
1516 2 2 1 1 758 823 822
1517 2 2 1 1 759 760 824
1518 2 2 1 1 759 824 823
1519 2 2 1 1 760 761 825
1520 2 2 1 1 760 825 824
1521 2 2 1 1 761 762 826
1522 2 2 1 1 761 826 825
1523 2 2 1 1 762 763 827
1524 2 2 1 1 762 827 826
1525 2 2 1 1 763 764 828
1526 2 2 1 1 763 828 827
1527 2 2 1 1 764 765 829
1528 2 2 1 1 764 829 828
1529 2 2 1 1 765 766 830
1530 2 2 1 1 765 830 829
1531 2 2 1 1 766 767 831
1532 2 2 1 1 766 831 830
1533 2 2 1 1 767 768 832
1534 2 2 1 1 767 832 831
1535 2 2 1 1 768 705 769
1536 2 2 1 1 768 769 832
1537 2 2 1 1 769 770 834
1538 2 2 1 1 769 834 833
1539 2 2 1 1 770 771 835
1540 2 2 1 1 770 835 834
1541 2 2 1 1 771 772 836
1542 2 2 1 1 771 836 835
1543 2 2 1 1 772 773 837
1544 2 2 1 1 772 837 836
1545 2 2 1 1 773 774 838
1546 2 2 1 1 773 838 837
1547 2 2 1 1 774 775 839
1548 2 2 1 1 774 839 838
1549 2 2 1 1 775 776 840
1550 2 2 1 1 775 840 839
1551 2 2 1 1 776 777 841
1552 2 2 1 1 776 841 840
1553 2 2 1 1 777 778 842
1554 2 2 1 1 777 842 841
1555 2 2 1 1 778 779 843
1556 2 2 1 1 778 843 842
1557 2 2 1 1 779 780 844
1558 2 2 1 1 779 844 843
1559 2 2 1 1 780 781 845
1560 2 2 1 1 780 845 844
1561 2 2 1 1 781 782 846
1562 2 2 1 1 781 846 845
1563 2 2 1 1 782 783 847
1564 2 2 1 1 782 847 846
1565 2 2 1 1 783 784 848
1566 2 2 1 1 783 848 847
1567 2 2 1 1 784 785 849
1568 2 2 1 1 784 849 848
1569 2 2 1 1 785 786 850
1570 2 2 1 1 785 850 849
1571 2 2 1 1 786 787 851
1572 2 2 1 1 786 851 850
1573 2 2 1 1 787 788 852
1574 2 2 1 1 787 852 851
1575 2 2 1 1 788 789 853
1576 2 2 1 1 788 853 852
1577 2 2 1 1 789 790 854
1578 2 2 1 1 789 854 853
1579 2 2 1 1 790 791 855
1580 2 2 1 1 790 855 854
1581 2 2 1 1 791 792 856
1582 2 2 1 1 791 856 855
1583 2 2 1 1 792 793 857
1584 2 2 1 1 792 857 856
1585 2 2 1 1 793 794 858
1586 2 2 1 1 793 858 857
1587 2 2 1 1 794 795 859
1588 2 2 1 1 794 859 858
1589 2 2 1 1 795 796 860
1590 2 2 1 1 795 860 859
1591 2 2 1 1 796 797 861
1592 2 2 1 1 796 861 860
1593 2 2 1 1 797 798 862
1594 2 2 1 1 797 862 861
1595 2 2 1 1 798 799 863
1596 2 2 1 1 798 863 862
1597 2 2 1 1 799 800 864
1598 2 2 1 1 799 864 863
1599 2 2 1 1 800 801 865
1600 2 2 1 1 800 865 864
1601 2 2 1 1 801 802 866
1602 2 2 1 1 801 866 865
1603 2 2 1 1 802 803 867
1604 2 2 1 1 802 867 866
1605 2 2 1 1 803 804 868
1606 2 2 1 1 803 868 867
1607 2 2 1 1 804 805 869
1608 2 2 1 1 804 869 868
1609 2 2 1 1 805 806 870
1610 2 2 1 1 805 870 869
1611 2 2 1 1 806 807 871
1612 2 2 1 1 806 871 870
1613 2 2 1 1 807 808 872
1614 2 2 1 1 807 872 871
1615 2 2 1 1 808 809 873
1616 2 2 1 1 808 873 872
1617 2 2 1 1 809 810 874
1618 2 2 1 1 809 874 873
1619 2 2 1 1 810 811 875
1620 2 2 1 1 810 875 874
1621 2 2 1 1 811 812 876
1622 2 2 1 1 811 876 875
1623 2 2 1 1 812 813 877
1624 2 2 1 1 812 877 876
1625 2 2 1 1 813 814 878
1626 2 2 1 1 813 878 877
1627 2 2 1 1 814 815 879
1628 2 2 1 1 814 879 878
1629 2 2 1 1 815 816 880
1630 2 2 1 1 815 880 879
1631 2 2 1 1 816 817 881
1632 2 2 1 1 816 881 880
1633 2 2 1 1 817 818 882
1634 2 2 1 1 817 882 881
1635 2 2 1 1 818 819 883
1636 2 2 1 1 818 883 882
1637 2 2 1 1 819 820 884
1638 2 2 1 1 819 884 883
1639 2 2 1 1 820 821 885
1640 2 2 1 1 820 885 884
1641 2 2 1 1 821 822 886
1642 2 2 1 1 821 886 885
1643 2 2 1 1 822 823 887
1644 2 2 1 1 822 887 886
1645 2 2 1 1 823 824 888
1646 2 2 1 1 823 888 887
1647 2 2 1 1 824 825 889
1648 2 2 1 1 824 889 888
1649 2 2 1 1 825 826 890
1650 2 2 1 1 825 890 889
1651 2 2 1 1 826 827 891
1652 2 2 1 1 826 891 890
1653 2 2 1 1 827 828 892
1654 2 2 1 1 827 892 891
1655 2 2 1 1 828 829 893
1656 2 2 1 1 828 893 892
1657 2 2 1 1 829 830 894
1658 2 2 1 1 829 894 893
1659 2 2 1 1 830 831 895
1660 2 2 1 1 830 895 894
1661 2 2 1 1 831 832 896
1662 2 2 1 1 831 896 895
1663 2 2 1 1 832 769 833
1664 2 2 1 1 832 833 896
1665 2 2 1 1 833 834 898
1666 2 2 1 1 833 898 897
1667 2 2 1 1 834 835 899
1668 2 2 1 1 834 899 898
1669 2 2 1 1 835 836 900
1670 2 2 1 1 835 900 899
1671 2 2 1 1 836 837 901
1672 2 2 1 1 836 901 900
1673 2 2 1 1 837 838 902
1674 2 2 1 1 837 902 901
1675 2 2 1 1 838 839 903
1676 2 2 1 1 838 903 902
1677 2 2 1 1 839 840 904
1678 2 2 1 1 839 904 903
1679 2 2 1 1 840 841 905
1680 2 2 1 1 840 905 904
1681 2 2 1 1 841 842 906
1682 2 2 1 1 841 906 905
1683 2 2 1 1 842 843 907
1684 2 2 1 1 842 907 906
1685 2 2 1 1 843 844 908
1686 2 2 1 1 843 908 907
1687 2 2 1 1 844 845 909
1688 2 2 1 1 844 909 908
1689 2 2 1 1 845 846 910
1690 2 2 1 1 845 910 909
1691 2 2 1 1 846 847 911
1692 2 2 1 1 846 911 910
1693 2 2 1 1 847 848 912
1694 2 2 1 1 847 912 911
1695 2 2 1 1 848 849 913
1696 2 2 1 1 848 913 912
1697 2 2 1 1 849 850 914
1698 2 2 1 1 849 914 913
1699 2 2 1 1 850 851 915
1700 2 2 1 1 850 915 914
1701 2 2 1 1 851 852 916
1702 2 2 1 1 851 916 915
1703 2 2 1 1 852 853 917
1704 2 2 1 1 852 917 916
1705 2 2 1 1 853 854 918
1706 2 2 1 1 853 918 917
1707 2 2 1 1 854 855 919
1708 2 2 1 1 854 919 918
1709 2 2 1 1 855 856 920
1710 2 2 1 1 855 920 919
1711 2 2 1 1 856 857 921
1712 2 2 1 1 856 921 920
1713 2 2 1 1 857 858 922
1714 2 2 1 1 857 922 921
1715 2 2 1 1 858 859 923
1716 2 2 1 1 858 923 922
1717 2 2 1 1 859 860 924
1718 2 2 1 1 859 924 923
1719 2 2 1 1 860 861 925
1720 2 2 1 1 860 925 924
1721 2 2 1 1 861 862 926
1722 2 2 1 1 861 926 925
1723 2 2 1 1 862 863 927
1724 2 2 1 1 862 927 926
1725 2 2 1 1 863 864 928
1726 2 2 1 1 863 928 927
1727 2 2 1 1 864 865 929
1728 2 2 1 1 864 929 928
1729 2 2 1 1 865 866 930
1730 2 2 1 1 865 930 929
1731 2 2 1 1 866 867 931
1732 2 2 1 1 866 931 930
1733 2 2 1 1 867 868 932
1734 2 2 1 1 867 932 931
1735 2 2 1 1 868 869 933
1736 2 2 1 1 868 933 932
1737 2 2 1 1 869 870 934
1738 2 2 1 1 869 934 933
1739 2 2 1 1 870 871 935
1740 2 2 1 1 870 935 934
1741 2 2 1 1 871 872 936
1742 2 2 1 1 871 936 935
1743 2 2 1 1 872 873 937
1744 2 2 1 1 872 937 936
1745 2 2 1 1 873 874 938
1746 2 2 1 1 873 938 937
1747 2 2 1 1 874 875 939
1748 2 2 1 1 874 939 938
1749 2 2 1 1 875 876 940
1750 2 2 1 1 875 940 939
1751 2 2 1 1 876 877 941
1752 2 2 1 1 876 941 940
1753 2 2 1 1 877 878 942
1754 2 2 1 1 877 942 941
1755 2 2 1 1 878 879 943
1756 2 2 1 1 878 943 942
1757 2 2 1 1 879 880 944
1758 2 2 1 1 879 944 943
1759 2 2 1 1 880 881 945
1760 2 2 1 1 880 945 944
1761 2 2 1 1 881 882 946
1762 2 2 1 1 881 946 945
1763 2 2 1 1 882 883 947
1764 2 2 1 1 882 947 946
1765 2 2 1 1 883 884 948
1766 2 2 1 1 883 948 947
1767 2 2 1 1 884 885 949
1768 2 2 1 1 884 949 948
1769 2 2 1 1 885 886 950
1770 2 2 1 1 885 950 949
1771 2 2 1 1 886 887 951
1772 2 2 1 1 886 951 950
1773 2 2 1 1 887 888 952
1774 2 2 1 1 887 952 951
1775 2 2 1 1 888 889 953
1776 2 2 1 1 888 953 952
1777 2 2 1 1 889 890 954
1778 2 2 1 1 889 954 953
1779 2 2 1 1 890 891 955
1780 2 2 1 1 890 955 954
1781 2 2 1 1 891 892 956
1782 2 2 1 1 891 956 955
1783 2 2 1 1 892 893 957
1784 2 2 1 1 892 957 956
1785 2 2 1 1 893 894 958
1786 2 2 1 1 893 958 957
1787 2 2 1 1 894 895 959
1788 2 2 1 1 894 959 958
1789 2 2 1 1 895 896 960
1790 2 2 1 1 895 960 959
1791 2 2 1 1 896 833 897
1792 2 2 1 1 896 897 960
1793 2 2 1 1 897 898 962
1794 2 2 1 1 897 962 961
1795 2 2 1 1 898 899 963
1796 2 2 1 1 898 963 962
1797 2 2 1 1 899 900 964
1798 2 2 1 1 899 964 963
1799 2 2 1 1 900 901 965
1800 2 2 1 1 900 965 964
1801 2 2 1 1 901 902 966
1802 2 2 1 1 901 966 965
1803 2 2 1 1 902 903 967
1804 2 2 1 1 902 967 966
1805 2 2 1 1 903 904 968
1806 2 2 1 1 903 968 967
1807 2 2 1 1 904 905 969
1808 2 2 1 1 904 969 968
1809 2 2 1 1 905 906 970
1810 2 2 1 1 905 970 969
1811 2 2 1 1 906 907 971
1812 2 2 1 1 906 971 970
1813 2 2 1 1 907 908 972
1814 2 2 1 1 907 972 971
1815 2 2 1 1 908 909 973
1816 2 2 1 1 908 973 972
1817 2 2 1 1 909 910 974
1818 2 2 1 1 909 974 973
1819 2 2 1 1 910 911 975
1820 2 2 1 1 910 975 974
1821 2 2 1 1 911 912 976
1822 2 2 1 1 911 976 975
1823 2 2 1 1 912 913 977
1824 2 2 1 1 912 977 976
1825 2 2 1 1 913 914 978
1826 2 2 1 1 913 978 977
1827 2 2 1 1 914 915 979
1828 2 2 1 1 914 979 978
1829 2 2 1 1 915 916 980
1830 2 2 1 1 915 980 979
1831 2 2 1 1 916 917 981
1832 2 2 1 1 916 981 980
1833 2 2 1 1 917 918 982
1834 2 2 1 1 917 982 981
1835 2 2 1 1 918 919 983
1836 2 2 1 1 918 983 982
1837 2 2 1 1 919 920 984
1838 2 2 1 1 919 984 983
1839 2 2 1 1 920 921 985
1840 2 2 1 1 920 985 984
1841 2 2 1 1 921 922 986
1842 2 2 1 1 921 986 985
1843 2 2 1 1 922 923 987
1844 2 2 1 1 922 987 986
1845 2 2 1 1 923 924 988
1846 2 2 1 1 923 988 987
1847 2 2 1 1 924 925 989
1848 2 2 1 1 924 989 988
1849 2 2 1 1 925 926 990
1850 2 2 1 1 925 990 989
1851 2 2 1 1 926 927 991
1852 2 2 1 1 926 991 990
1853 2 2 1 1 927 928 992
1854 2 2 1 1 927 992 991
1855 2 2 1 1 928 929 993
1856 2 2 1 1 928 993 992
1857 2 2 1 1 929 930 994
1858 2 2 1 1 929 994 993
1859 2 2 1 1 930 931 995
1860 2 2 1 1 930 995 994
1861 2 2 1 1 931 932 996
1862 2 2 1 1 931 996 995
1863 2 2 1 1 932 933 997
1864 2 2 1 1 932 997 996
1865 2 2 1 1 933 934 998
1866 2 2 1 1 933 998 997
1867 2 2 1 1 934 935 999
1868 2 2 1 1 934 999 998
1869 2 2 1 1 935 936 1000
1870 2 2 1 1 935 1000 999
1871 2 2 1 1 936 937 1001
1872 2 2 1 1 936 1001 1000
1873 2 2 1 1 937 938 1002
1874 2 2 1 1 937 1002 1001
1875 2 2 1 1 938 939 1003
1876 2 2 1 1 938 1003 1002
1877 2 2 1 1 939 940 1004
1878 2 2 1 1 939 1004 1003
1879 2 2 1 1 940 941 1005
1880 2 2 1 1 940 1005 1004
1881 2 2 1 1 941 942 1006
1882 2 2 1 1 941 1006 1005
1883 2 2 1 1 942 943 1007
1884 2 2 1 1 942 1007 1006
1885 2 2 1 1 943 944 1008
1886 2 2 1 1 943 1008 1007
1887 2 2 1 1 944 945 1009
1888 2 2 1 1 944 1009 1008
1889 2 2 1 1 945 946 1010
1890 2 2 1 1 945 1010 1009
1891 2 2 1 1 946 947 1011
1892 2 2 1 1 946 1011 1010
1893 2 2 1 1 947 948 1012
1894 2 2 1 1 947 1012 1011
1895 2 2 1 1 948 949 1013
1896 2 2 1 1 948 1013 1012
1897 2 2 1 1 949 950 1014
1898 2 2 1 1 949 1014 1013
1899 2 2 1 1 950 951 1015
1900 2 2 1 1 950 1015 1014
1901 2 2 1 1 951 952 1016
1902 2 2 1 1 951 1016 1015
1903 2 2 1 1 952 953 1017
1904 2 2 1 1 952 1017 1016
1905 2 2 1 1 953 954 1018
1906 2 2 1 1 953 1018 1017
1907 2 2 1 1 954 955 1019
1908 2 2 1 1 954 1019 1018
1909 2 2 1 1 955 956 1020
1910 2 2 1 1 955 1020 1019
1911 2 2 1 1 956 957 1021
1912 2 2 1 1 956 1021 1020
1913 2 2 1 1 957 958 1022
1914 2 2 1 1 957 1022 1021
1915 2 2 1 1 958 959 1023
1916 2 2 1 1 958 1023 1022
1917 2 2 1 1 959 960 1024
1918 2 2 1 1 959 1024 1023
1919 2 2 1 1 960 897 961
1920 2 2 1 1 960 961 1024
1921 2 2 1 1 961 962 1026
1922 2 2 1 1 961 1026 1025
1923 2 2 1 1 962 963 1027
1924 2 2 1 1 962 1027 1026
1925 2 2 1 1 963 964 1028
1926 2 2 1 1 963 1028 1027
1927 2 2 1 1 964 965 1029
1928 2 2 1 1 964 1029 1028
1929 2 2 1 1 965 966 1030
1930 2 2 1 1 965 1030 1029
1931 2 2 1 1 966 967 1031
1932 2 2 1 1 966 1031 1030
1933 2 2 1 1 967 968 1032
1934 2 2 1 1 967 1032 1031
1935 2 2 1 1 968 969 1033
1936 2 2 1 1 968 1033 1032
1937 2 2 1 1 969 970 1034
1938 2 2 1 1 969 1034 1033
1939 2 2 1 1 970 971 1035
1940 2 2 1 1 970 1035 1034
1941 2 2 1 1 971 972 1036
1942 2 2 1 1 971 1036 1035
1943 2 2 1 1 972 973 1037
1944 2 2 1 1 972 1037 1036
1945 2 2 1 1 973 974 1038
1946 2 2 1 1 973 1038 1037
1947 2 2 1 1 974 975 1039
1948 2 2 1 1 974 1039 1038
1949 2 2 1 1 975 976 1040
1950 2 2 1 1 975 1040 1039
1951 2 2 1 1 976 977 1041
1952 2 2 1 1 976 1041 1040
1953 2 2 1 1 977 978 1042
1954 2 2 1 1 977 1042 1041
1955 2 2 1 1 978 979 1043
1956 2 2 1 1 978 1043 1042
1957 2 2 1 1 979 980 1044
1958 2 2 1 1 979 1044 1043
1959 2 2 1 1 980 981 1045
1960 2 2 1 1 980 1045 1044
1961 2 2 1 1 981 982 1046
1962 2 2 1 1 981 1046 1045
1963 2 2 1 1 982 983 1047
1964 2 2 1 1 982 1047 1046
1965 2 2 1 1 983 984 1048
1966 2 2 1 1 983 1048 1047
1967 2 2 1 1 984 985 1049
1968 2 2 1 1 984 1049 1048
1969 2 2 1 1 985 986 1050
1970 2 2 1 1 985 1050 1049
1971 2 2 1 1 986 987 1051
1972 2 2 1 1 986 1051 1050
1973 2 2 1 1 987 988 1052
1974 2 2 1 1 987 1052 1051
1975 2 2 1 1 988 989 1053
1976 2 2 1 1 988 1053 1052
1977 2 2 1 1 989 990 1054
1978 2 2 1 1 989 1054 1053
1979 2 2 1 1 990 991 1055
1980 2 2 1 1 990 1055 1054
1981 2 2 1 1 991 992 1056
1982 2 2 1 1 991 1056 1055
1983 2 2 1 1 992 993 1057
1984 2 2 1 1 992 1057 1056
1985 2 2 1 1 993 994 1058
1986 2 2 1 1 993 1058 1057
1987 2 2 1 1 994 995 1059
1988 2 2 1 1 994 1059 1058
1989 2 2 1 1 995 996 1060
1990 2 2 1 1 995 1060 1059
1991 2 2 1 1 996 997 1061
1992 2 2 1 1 996 1061 1060
1993 2 2 1 1 997 998 1062
1994 2 2 1 1 997 1062 1061
1995 2 2 1 1 998 999 1063
1996 2 2 1 1 998 1063 1062
1997 2 2 1 1 999 1000 1064
1998 2 2 1 1 999 1064 1063
1999 2 2 1 1 1000 1001 1065
2000 2 2 1 1 1000 1065 1064
2001 2 2 1 1 1001 1002 1066
2002 2 2 1 1 1001 1066 1065
2003 2 2 1 1 1002 1003 1067
2004 2 2 1 1 1002 1067 1066
2005 2 2 1 1 1003 1004 1068
2006 2 2 1 1 1003 1068 1067
2007 2 2 1 1 1004 1005 1069
2008 2 2 1 1 1004 1069 1068
2009 2 2 1 1 1005 1006 1070
2010 2 2 1 1 1005 1070 1069
2011 2 2 1 1 1006 1007 1071
2012 2 2 1 1 1006 1071 1070
2013 2 2 1 1 1007 1008 1072
2014 2 2 1 1 1007 1072 1071
2015 2 2 1 1 1008 1009 1073
2016 2 2 1 1 1008 1073 1072
2017 2 2 1 1 1009 1010 1074
2018 2 2 1 1 1009 1074 1073
2019 2 2 1 1 1010 1011 1075
2020 2 2 1 1 1010 1075 1074
2021 2 2 1 1 1011 1012 1076
2022 2 2 1 1 1011 1076 1075
2023 2 2 1 1 1012 1013 1077
2024 2 2 1 1 1012 1077 1076
2025 2 2 1 1 1013 1014 1078
2026 2 2 1 1 1013 1078 1077
2027 2 2 1 1 1014 1015 1079
2028 2 2 1 1 1014 1079 1078
2029 2 2 1 1 1015 1016 1080
2030 2 2 1 1 1015 1080 1079
2031 2 2 1 1 1016 1017 1081
2032 2 2 1 1 1016 1081 1080
2033 2 2 1 1 1017 1018 1082
2034 2 2 1 1 1017 1082 1081
2035 2 2 1 1 1018 1019 1083
2036 2 2 1 1 1018 1083 1082
2037 2 2 1 1 1019 1020 1084
2038 2 2 1 1 1019 1084 1083
2039 2 2 1 1 1020 1021 1085
2040 2 2 1 1 1020 1085 1084
2041 2 2 1 1 1021 1022 1086
2042 2 2 1 1 1021 1086 1085
2043 2 2 1 1 1022 1023 1087
2044 2 2 1 1 1022 1087 1086
2045 2 2 1 1 1023 1024 1088
2046 2 2 1 1 1023 1088 1087
2047 2 2 1 1 1024 961 1025
2048 2 2 1 1 1024 1025 1088
2049 2 2 1 1 1025 1026 1090
2050 2 2 1 1 1025 1090 1089
2051 2 2 1 1 1026 1027 1091
2052 2 2 1 1 1026 1091 1090
2053 2 2 1 1 1027 1028 1092
2054 2 2 1 1 1027 1092 1091
2055 2 2 1 1 1028 1029 1093
2056 2 2 1 1 1028 1093 1092
2057 2 2 1 1 1029 1030 1094
2058 2 2 1 1 1029 1094 1093
2059 2 2 1 1 1030 1031 1095
2060 2 2 1 1 1030 1095 1094
2061 2 2 1 1 1031 1032 1096
2062 2 2 1 1 1031 1096 1095
2063 2 2 1 1 1032 1033 1097
2064 2 2 1 1 1032 1097 1096
2065 2 2 1 1 1033 1034 1098
2066 2 2 1 1 1033 1098 1097
2067 2 2 1 1 1034 1035 1099
2068 2 2 1 1 1034 1099 1098
2069 2 2 1 1 1035 1036 1100
2070 2 2 1 1 1035 1100 1099
2071 2 2 1 1 1036 1037 1101
2072 2 2 1 1 1036 1101 1100
2073 2 2 1 1 1037 1038 1102
2074 2 2 1 1 1037 1102 1101
2075 2 2 1 1 1038 1039 1103
2076 2 2 1 1 1038 1103 1102
2077 2 2 1 1 1039 1040 1104
2078 2 2 1 1 1039 1104 1103
2079 2 2 1 1 1040 1041 1105
2080 2 2 1 1 1040 1105 1104
2081 2 2 1 1 1041 1042 1106
2082 2 2 1 1 1041 1106 1105
2083 2 2 1 1 1042 1043 1107
2084 2 2 1 1 1042 1107 1106
2085 2 2 1 1 1043 1044 1108
2086 2 2 1 1 1043 1108 1107
2087 2 2 1 1 1044 1045 1109
2088 2 2 1 1 1044 1109 1108
2089 2 2 1 1 1045 1046 1110
2090 2 2 1 1 1045 1110 1109
2091 2 2 1 1 1046 1047 1111
2092 2 2 1 1 1046 1111 1110
2093 2 2 1 1 1047 1048 1112
2094 2 2 1 1 1047 1112 1111
2095 2 2 1 1 1048 1049 1113
2096 2 2 1 1 1048 1113 1112
2097 2 2 1 1 1049 1050 1114
2098 2 2 1 1 1049 1114 1113
2099 2 2 1 1 1050 1051 1115
2100 2 2 1 1 1050 1115 1114
2101 2 2 1 1 1051 1052 1116
2102 2 2 1 1 1051 1116 1115
2103 2 2 1 1 1052 1053 1117
2104 2 2 1 1 1052 1117 1116
2105 2 2 1 1 1053 1054 1118
2106 2 2 1 1 1053 1118 1117
2107 2 2 1 1 1054 1055 1119
2108 2 2 1 1 1054 1119 1118
2109 2 2 1 1 1055 1056 1120
2110 2 2 1 1 1055 1120 1119
2111 2 2 1 1 1056 1057 1121
2112 2 2 1 1 1056 1121 1120
2113 2 2 1 1 1057 1058 1122
2114 2 2 1 1 1057 1122 1121
2115 2 2 1 1 1058 1059 1123
2116 2 2 1 1 1058 1123 1122
2117 2 2 1 1 1059 1060 1124
2118 2 2 1 1 1059 1124 1123
2119 2 2 1 1 1060 1061 1125
2120 2 2 1 1 1060 1125 1124
2121 2 2 1 1 1061 1062 1126
2122 2 2 1 1 1061 1126 1125
2123 2 2 1 1 1062 1063 1127
2124 2 2 1 1 1062 1127 1126
2125 2 2 1 1 1063 1064 1128
2126 2 2 1 1 1063 1128 1127
2127 2 2 1 1 1064 1065 1129
2128 2 2 1 1 1064 1129 1128
2129 2 2 1 1 1065 1066 1130
2130 2 2 1 1 1065 1130 1129
2131 2 2 1 1 1066 1067 1131
2132 2 2 1 1 1066 1131 1130
2133 2 2 1 1 1067 1068 1132
2134 2 2 1 1 1067 1132 1131
2135 2 2 1 1 1068 1069 1133
2136 2 2 1 1 1068 1133 1132
2137 2 2 1 1 1069 1070 1134
2138 2 2 1 1 1069 1134 1133
2139 2 2 1 1 1070 1071 1135
2140 2 2 1 1 1070 1135 1134
2141 2 2 1 1 1071 1072 1136
2142 2 2 1 1 1071 1136 1135
2143 2 2 1 1 1072 1073 1137
2144 2 2 1 1 1072 1137 1136
2145 2 2 1 1 1073 1074 1138
2146 2 2 1 1 1073 1138 1137
2147 2 2 1 1 1074 1075 1139
2148 2 2 1 1 1074 1139 1138
2149 2 2 1 1 1075 1076 1140
2150 2 2 1 1 1075 1140 1139
2151 2 2 1 1 1076 1077 1141
2152 2 2 1 1 1076 1141 1140
2153 2 2 1 1 1077 1078 1142
2154 2 2 1 1 1077 1142 1141
2155 2 2 1 1 1078 1079 1143
2156 2 2 1 1 1078 1143 1142
2157 2 2 1 1 1079 1080 1144
2158 2 2 1 1 1079 1144 1143
2159 2 2 1 1 1080 1081 1145
2160 2 2 1 1 1080 1145 1144
2161 2 2 1 1 1081 1082 1146
2162 2 2 1 1 1081 1146 1145
2163 2 2 1 1 1082 1083 1147
2164 2 2 1 1 1082 1147 1146
2165 2 2 1 1 1083 1084 1148
2166 2 2 1 1 1083 1148 1147
2167 2 2 1 1 1084 1085 1149
2168 2 2 1 1 1084 1149 1148
2169 2 2 1 1 1085 1086 1150
2170 2 2 1 1 1085 1150 1149
2171 2 2 1 1 1086 1087 1151
2172 2 2 1 1 1086 1151 1150
2173 2 2 1 1 1087 1088 1152
2174 2 2 1 1 1087 1152 1151
2175 2 2 1 1 1088 1025 1089
2176 2 2 1 1 1088 1089 1152
2177 2 2 1 1 1089 1090 1154
2178 2 2 1 1 1089 1154 1153
2179 2 2 1 1 1090 1091 1155
2180 2 2 1 1 1090 1155 1154
2181 2 2 1 1 1091 1092 1156
2182 2 2 1 1 1091 1156 1155
2183 2 2 1 1 1092 1093 1157
2184 2 2 1 1 1092 1157 1156
2185 2 2 1 1 1093 1094 1158
2186 2 2 1 1 1093 1158 1157
2187 2 2 1 1 1094 1095 1159
2188 2 2 1 1 1094 1159 1158
2189 2 2 1 1 1095 1096 1160
2190 2 2 1 1 1095 1160 1159
2191 2 2 1 1 1096 1097 1161
2192 2 2 1 1 1096 1161 1160
2193 2 2 1 1 1097 1098 1162
2194 2 2 1 1 1097 1162 1161
2195 2 2 1 1 1098 1099 1163
2196 2 2 1 1 1098 1163 1162
2197 2 2 1 1 1099 1100 1164
2198 2 2 1 1 1099 1164 1163
2199 2 2 1 1 1100 1101 1165
2200 2 2 1 1 1100 1165 1164
2201 2 2 1 1 1101 1102 1166
2202 2 2 1 1 1101 1166 1165
2203 2 2 1 1 1102 1103 1167
2204 2 2 1 1 1102 1167 1166
2205 2 2 1 1 1103 1104 1168
2206 2 2 1 1 1103 1168 1167
2207 2 2 1 1 1104 1105 1169
2208 2 2 1 1 1104 1169 1168
2209 2 2 1 1 1105 1106 1170
2210 2 2 1 1 1105 1170 1169
2211 2 2 1 1 1106 1107 1171
2212 2 2 1 1 1106 1171 1170
2213 2 2 1 1 1107 1108 1172
2214 2 2 1 1 1107 1172 1171
2215 2 2 1 1 1108 1109 1173
2216 2 2 1 1 1108 1173 1172
2217 2 2 1 1 1109 1110 1174
2218 2 2 1 1 1109 1174 1173
2219 2 2 1 1 1110 1111 1175
2220 2 2 1 1 1110 1175 1174
2221 2 2 1 1 1111 1112 1176
2222 2 2 1 1 1111 1176 1175
2223 2 2 1 1 1112 1113 1177
2224 2 2 1 1 1112 1177 1176
2225 2 2 1 1 1113 1114 1178
2226 2 2 1 1 1113 1178 1177
2227 2 2 1 1 1114 1115 1179
2228 2 2 1 1 1114 1179 1178
2229 2 2 1 1 1115 1116 1180
2230 2 2 1 1 1115 1180 1179
2231 2 2 1 1 1116 1117 1181
2232 2 2 1 1 1116 1181 1180
2233 2 2 1 1 1117 1118 1182
2234 2 2 1 1 1117 1182 1181
2235 2 2 1 1 1118 1119 1183
2236 2 2 1 1 1118 1183 1182
2237 2 2 1 1 1119 1120 1184
2238 2 2 1 1 1119 1184 1183
2239 2 2 1 1 1120 1121 1185
2240 2 2 1 1 1120 1185 1184
2241 2 2 1 1 1121 1122 1186
2242 2 2 1 1 1121 1186 1185
2243 2 2 1 1 1122 1123 1187
2244 2 2 1 1 1122 1187 1186
2245 2 2 1 1 1123 1124 1188
2246 2 2 1 1 1123 1188 1187
2247 2 2 1 1 1124 1125 1189
2248 2 2 1 1 1124 1189 1188
2249 2 2 1 1 1125 1126 1190
2250 2 2 1 1 1125 1190 1189
2251 2 2 1 1 1126 1127 1191
2252 2 2 1 1 1126 1191 1190
2253 2 2 1 1 1127 1128 1192
2254 2 2 1 1 1127 1192 1191
2255 2 2 1 1 1128 1129 1193
2256 2 2 1 1 1128 1193 1192
2257 2 2 1 1 1129 1130 1194
2258 2 2 1 1 1129 1194 1193
2259 2 2 1 1 1130 1131 1195
2260 2 2 1 1 1130 1195 1194
2261 2 2 1 1 1131 1132 1196
2262 2 2 1 1 1131 1196 1195
2263 2 2 1 1 1132 1133 1197
2264 2 2 1 1 1132 1197 1196
2265 2 2 1 1 1133 1134 1198
2266 2 2 1 1 1133 1198 1197
2267 2 2 1 1 1134 1135 1199
2268 2 2 1 1 1134 1199 1198
2269 2 2 1 1 1135 1136 1200
2270 2 2 1 1 1135 1200 1199
2271 2 2 1 1 1136 1137 1201
2272 2 2 1 1 1136 1201 1200
2273 2 2 1 1 1137 1138 1202
2274 2 2 1 1 1137 1202 1201
2275 2 2 1 1 1138 1139 1203
2276 2 2 1 1 1138 1203 1202
2277 2 2 1 1 1139 1140 1204
2278 2 2 1 1 1139 1204 1203
2279 2 2 1 1 1140 1141 1205
2280 2 2 1 1 1140 1205 1204
2281 2 2 1 1 1141 1142 1206
2282 2 2 1 1 1141 1206 1205
2283 2 2 1 1 1142 1143 1207
2284 2 2 1 1 1142 1207 1206
2285 2 2 1 1 1143 1144 1208
2286 2 2 1 1 1143 1208 1207
2287 2 2 1 1 1144 1145 1209
2288 2 2 1 1 1144 1209 1208
2289 2 2 1 1 1145 1146 1210
2290 2 2 1 1 1145 1210 1209
2291 2 2 1 1 1146 1147 1211
2292 2 2 1 1 1146 1211 1210
2293 2 2 1 1 1147 1148 1212
2294 2 2 1 1 1147 1212 1211
2295 2 2 1 1 1148 1149 1213
2296 2 2 1 1 1148 1213 1212
2297 2 2 1 1 1149 1150 1214
2298 2 2 1 1 1149 1214 1213
2299 2 2 1 1 1150 1151 1215
2300 2 2 1 1 1150 1215 1214
2301 2 2 1 1 1151 1152 1216
2302 2 2 1 1 1151 1216 1215
2303 2 2 1 1 1152 1089 1153
2304 2 2 1 1 1152 1153 1216
2305 2 2 1 1 1153 1154 1218
2306 2 2 1 1 1153 1218 1217
2307 2 2 1 1 1154 1155 1219
2308 2 2 1 1 1154 1219 1218
2309 2 2 1 1 1155 1156 1220
2310 2 2 1 1 1155 1220 1219
2311 2 2 1 1 1156 1157 1221
2312 2 2 1 1 1156 1221 1220
2313 2 2 1 1 1157 1158 1222
2314 2 2 1 1 1157 1222 1221
2315 2 2 1 1 1158 1159 1223
2316 2 2 1 1 1158 1223 1222
2317 2 2 1 1 1159 1160 1224
2318 2 2 1 1 1159 1224 1223
2319 2 2 1 1 1160 1161 1225
2320 2 2 1 1 1160 1225 1224
2321 2 2 1 1 1161 1162 1226
2322 2 2 1 1 1161 1226 1225
2323 2 2 1 1 1162 1163 1227
2324 2 2 1 1 1162 1227 1226
2325 2 2 1 1 1163 1164 1228
2326 2 2 1 1 1163 1228 1227
2327 2 2 1 1 1164 1165 1229
2328 2 2 1 1 1164 1229 1228
2329 2 2 1 1 1165 1166 1230
2330 2 2 1 1 1165 1230 1229
2331 2 2 1 1 1166 1167 1231
2332 2 2 1 1 1166 1231 1230
2333 2 2 1 1 1167 1168 1232
2334 2 2 1 1 1167 1232 1231
2335 2 2 1 1 1168 1169 1233
2336 2 2 1 1 1168 1233 1232
2337 2 2 1 1 1169 1170 1234
2338 2 2 1 1 1169 1234 1233
2339 2 2 1 1 1170 1171 1235
2340 2 2 1 1 1170 1235 1234
2341 2 2 1 1 1171 1172 1236
2342 2 2 1 1 1171 1236 1235
2343 2 2 1 1 1172 1173 1237
2344 2 2 1 1 1172 1237 1236
2345 2 2 1 1 1173 1174 1238
2346 2 2 1 1 1173 1238 1237
2347 2 2 1 1 1174 1175 1239
2348 2 2 1 1 1174 1239 1238
2349 2 2 1 1 1175 1176 1240
2350 2 2 1 1 1175 1240 1239
2351 2 2 1 1 1176 1177 1241
2352 2 2 1 1 1176 1241 1240
2353 2 2 1 1 1177 1178 1242
2354 2 2 1 1 1177 1242 1241
2355 2 2 1 1 1178 1179 1243
2356 2 2 1 1 1178 1243 1242
2357 2 2 1 1 1179 1180 1244
2358 2 2 1 1 1179 1244 1243
2359 2 2 1 1 1180 1181 1245
2360 2 2 1 1 1180 1245 1244
2361 2 2 1 1 1181 1182 1246
2362 2 2 1 1 1181 1246 1245
2363 2 2 1 1 1182 1183 1247
2364 2 2 1 1 1182 1247 1246
2365 2 2 1 1 1183 1184 1248
2366 2 2 1 1 1183 1248 1247
2367 2 2 1 1 1184 1185 1249
2368 2 2 1 1 1184 1249 1248
2369 2 2 1 1 1185 1186 1250
2370 2 2 1 1 1185 1250 1249
2371 2 2 1 1 1186 1187 1251
2372 2 2 1 1 1186 1251 1250
2373 2 2 1 1 1187 1188 1252
2374 2 2 1 1 1187 1252 1251
2375 2 2 1 1 1188 1189 1253
2376 2 2 1 1 1188 1253 1252
2377 2 2 1 1 1189 1190 1254
2378 2 2 1 1 1189 1254 1253
2379 2 2 1 1 1190 1191 1255
2380 2 2 1 1 1190 1255 1254
2381 2 2 1 1 1191 1192 1256
2382 2 2 1 1 1191 1256 1255
2383 2 2 1 1 1192 1193 1257
2384 2 2 1 1 1192 1257 1256
2385 2 2 1 1 1193 1194 1258
2386 2 2 1 1 1193 1258 1257
2387 2 2 1 1 1194 1195 1259
2388 2 2 1 1 1194 1259 1258
2389 2 2 1 1 1195 1196 1260
2390 2 2 1 1 1195 1260 1259
2391 2 2 1 1 1196 1197 1261
2392 2 2 1 1 1196 1261 1260
2393 2 2 1 1 1197 1198 1262
2394 2 2 1 1 1197 1262 1261
2395 2 2 1 1 1198 1199 1263
2396 2 2 1 1 1198 1263 1262
2397 2 2 1 1 1199 1200 1264
2398 2 2 1 1 1199 1264 1263
2399 2 2 1 1 1200 1201 1265
2400 2 2 1 1 1200 1265 1264
2401 2 2 1 1 1201 1202 1266
2402 2 2 1 1 1201 1266 1265
2403 2 2 1 1 1202 1203 1267
2404 2 2 1 1 1202 1267 1266
2405 2 2 1 1 1203 1204 1268
2406 2 2 1 1 1203 1268 1267
2407 2 2 1 1 1204 1205 1269
2408 2 2 1 1 1204 1269 1268
2409 2 2 1 1 1205 1206 1270
2410 2 2 1 1 1205 1270 1269
2411 2 2 1 1 1206 1207 1271
2412 2 2 1 1 1206 1271 1270
2413 2 2 1 1 1207 1208 1272
2414 2 2 1 1 1207 1272 1271
2415 2 2 1 1 1208 1209 1273
2416 2 2 1 1 1208 1273 1272
2417 2 2 1 1 1209 1210 1274
2418 2 2 1 1 1209 1274 1273
2419 2 2 1 1 1210 1211 1275
2420 2 2 1 1 1210 1275 1274
2421 2 2 1 1 1211 1212 1276
2422 2 2 1 1 1211 1276 1275
2423 2 2 1 1 1212 1213 1277
2424 2 2 1 1 1212 1277 1276
2425 2 2 1 1 1213 1214 1278
2426 2 2 1 1 1213 1278 1277
2427 2 2 1 1 1214 1215 1279
2428 2 2 1 1 1214 1279 1278
2429 2 2 1 1 1215 1216 1280
2430 2 2 1 1 1215 1280 1279
2431 2 2 1 1 1216 1153 1217
2432 2 2 1 1 1216 1217 1280
2433 2 2 1 1 1217 1218 1282
2434 2 2 1 1 1217 1282 1281
2435 2 2 1 1 1218 1219 1283
2436 2 2 1 1 1218 1283 1282
2437 2 2 1 1 1219 1220 1284
2438 2 2 1 1 1219 1284 1283
2439 2 2 1 1 1220 1221 1285
2440 2 2 1 1 1220 1285 1284
2441 2 2 1 1 1221 1222 1286
2442 2 2 1 1 1221 1286 1285
2443 2 2 1 1 1222 1223 1287
2444 2 2 1 1 1222 1287 1286
2445 2 2 1 1 1223 1224 1288
2446 2 2 1 1 1223 1288 1287
2447 2 2 1 1 1224 1225 1289
2448 2 2 1 1 1224 1289 1288
2449 2 2 1 1 1225 1226 1290
2450 2 2 1 1 1225 1290 1289
2451 2 2 1 1 1226 1227 1291
2452 2 2 1 1 1226 1291 1290
2453 2 2 1 1 1227 1228 1292
2454 2 2 1 1 1227 1292 1291
2455 2 2 1 1 1228 1229 1293
2456 2 2 1 1 1228 1293 1292
2457 2 2 1 1 1229 1230 1294
2458 2 2 1 1 1229 1294 1293
2459 2 2 1 1 1230 1231 1295
2460 2 2 1 1 1230 1295 1294
2461 2 2 1 1 1231 1232 1296
2462 2 2 1 1 1231 1296 1295
2463 2 2 1 1 1232 1233 1297
2464 2 2 1 1 1232 1297 1296
2465 2 2 1 1 1233 1234 1298
2466 2 2 1 1 1233 1298 1297
2467 2 2 1 1 1234 1235 1299
2468 2 2 1 1 1234 1299 1298
2469 2 2 1 1 1235 1236 1300
2470 2 2 1 1 1235 1300 1299
2471 2 2 1 1 1236 1237 1301
2472 2 2 1 1 1236 1301 1300
2473 2 2 1 1 1237 1238 1302
2474 2 2 1 1 1237 1302 1301
2475 2 2 1 1 1238 1239 1303
2476 2 2 1 1 1238 1303 1302
2477 2 2 1 1 1239 1240 1304
2478 2 2 1 1 1239 1304 1303
2479 2 2 1 1 1240 1241 1305
2480 2 2 1 1 1240 1305 1304
2481 2 2 1 1 1241 1242 1306
2482 2 2 1 1 1241 1306 1305
2483 2 2 1 1 1242 1243 1307
2484 2 2 1 1 1242 1307 1306
2485 2 2 1 1 1243 1244 1308
2486 2 2 1 1 1243 1308 1307
2487 2 2 1 1 1244 1245 1309
2488 2 2 1 1 1244 1309 1308
2489 2 2 1 1 1245 1246 1310
2490 2 2 1 1 1245 1310 1309
2491 2 2 1 1 1246 1247 1311
2492 2 2 1 1 1246 1311 1310
2493 2 2 1 1 1247 1248 1312
2494 2 2 1 1 1247 1312 1311
2495 2 2 1 1 1248 1249 1313
2496 2 2 1 1 1248 1313 1312
2497 2 2 1 1 1249 1250 1314
2498 2 2 1 1 1249 1314 1313
2499 2 2 1 1 1250 1251 1315
2500 2 2 1 1 1250 1315 1314
2501 2 2 1 1 1251 1252 1316
2502 2 2 1 1 1251 1316 1315
2503 2 2 1 1 1252 1253 1317
2504 2 2 1 1 1252 1317 1316
2505 2 2 1 1 1253 1254 1318
2506 2 2 1 1 1253 1318 1317
2507 2 2 1 1 1254 1255 1319
2508 2 2 1 1 1254 1319 1318
2509 2 2 1 1 1255 1256 1320
2510 2 2 1 1 1255 1320 1319
2511 2 2 1 1 1256 1257 1321
2512 2 2 1 1 1256 1321 1320
2513 2 2 1 1 1257 1258 1322
2514 2 2 1 1 1257 1322 1321
2515 2 2 1 1 1258 1259 1323
2516 2 2 1 1 1258 1323 1322
2517 2 2 1 1 1259 1260 1324
2518 2 2 1 1 1259 1324 1323
2519 2 2 1 1 1260 1261 1325
2520 2 2 1 1 1260 1325 1324
2521 2 2 1 1 1261 1262 1326
2522 2 2 1 1 1261 1326 1325
2523 2 2 1 1 1262 1263 1327
2524 2 2 1 1 1262 1327 1326
2525 2 2 1 1 1263 1264 1328
2526 2 2 1 1 1263 1328 1327
2527 2 2 1 1 1264 1265 1329
2528 2 2 1 1 1264 1329 1328
2529 2 2 1 1 1265 1266 1330
2530 2 2 1 1 1265 1330 1329
2531 2 2 1 1 1266 1267 1331
2532 2 2 1 1 1266 1331 1330
2533 2 2 1 1 1267 1268 1332
2534 2 2 1 1 1267 1332 1331
2535 2 2 1 1 1268 1269 1333
2536 2 2 1 1 1268 1333 1332
2537 2 2 1 1 1269 1270 1334
2538 2 2 1 1 1269 1334 1333
2539 2 2 1 1 1270 1271 1335
2540 2 2 1 1 1270 1335 1334
2541 2 2 1 1 1271 1272 1336
2542 2 2 1 1 1271 1336 1335
2543 2 2 1 1 1272 1273 1337
2544 2 2 1 1 1272 1337 1336
2545 2 2 1 1 1273 1274 1338
2546 2 2 1 1 1273 1338 1337
2547 2 2 1 1 1274 1275 1339
2548 2 2 1 1 1274 1339 1338
2549 2 2 1 1 1275 1276 1340
2550 2 2 1 1 1275 1340 1339
2551 2 2 1 1 1276 1277 1341
2552 2 2 1 1 1276 1341 1340
2553 2 2 1 1 1277 1278 1342
2554 2 2 1 1 1277 1342 1341
2555 2 2 1 1 1278 1279 1343
2556 2 2 1 1 1278 1343 1342
2557 2 2 1 1 1279 1280 1344
2558 2 2 1 1 1279 1344 1343
2559 2 2 1 1 1280 1217 1281
2560 2 2 1 1 1280 1281 1344
2561 2 2 1 1 1281 1282 1346
2562 2 2 1 1 1281 1346 1345
2563 2 2 1 1 1282 1283 1347
2564 2 2 1 1 1282 1347 1346
2565 2 2 1 1 1283 1284 1348
2566 2 2 1 1 1283 1348 1347
2567 2 2 1 1 1284 1285 1349
2568 2 2 1 1 1284 1349 1348
2569 2 2 1 1 1285 1286 1350
2570 2 2 1 1 1285 1350 1349
2571 2 2 1 1 1286 1287 1351
2572 2 2 1 1 1286 1351 1350
2573 2 2 1 1 1287 1288 1352
2574 2 2 1 1 1287 1352 1351
2575 2 2 1 1 1288 1289 1353
2576 2 2 1 1 1288 1353 1352
2577 2 2 1 1 1289 1290 1354
2578 2 2 1 1 1289 1354 1353
2579 2 2 1 1 1290 1291 1355
2580 2 2 1 1 1290 1355 1354
2581 2 2 1 1 1291 1292 1356
2582 2 2 1 1 1291 1356 1355
2583 2 2 1 1 1292 1293 1357
2584 2 2 1 1 1292 1357 1356
2585 2 2 1 1 1293 1294 1358
2586 2 2 1 1 1293 1358 1357
2587 2 2 1 1 1294 1295 1359
2588 2 2 1 1 1294 1359 1358
2589 2 2 1 1 1295 1296 1360
2590 2 2 1 1 1295 1360 1359
2591 2 2 1 1 1296 1297 1361
2592 2 2 1 1 1296 1361 1360
2593 2 2 1 1 1297 1298 1362
2594 2 2 1 1 1297 1362 1361
2595 2 2 1 1 1298 1299 1363
2596 2 2 1 1 1298 1363 1362
2597 2 2 1 1 1299 1300 1364
2598 2 2 1 1 1299 1364 1363
2599 2 2 1 1 1300 1301 1365
2600 2 2 1 1 1300 1365 1364
2601 2 2 1 1 1301 1302 1366
2602 2 2 1 1 1301 1366 1365
2603 2 2 1 1 1302 1303 1367
2604 2 2 1 1 1302 1367 1366
2605 2 2 1 1 1303 1304 1368
2606 2 2 1 1 1303 1368 1367
2607 2 2 1 1 1304 1305 1369
2608 2 2 1 1 1304 1369 1368
2609 2 2 1 1 1305 1306 1370
2610 2 2 1 1 1305 1370 1369
2611 2 2 1 1 1306 1307 1371
2612 2 2 1 1 1306 1371 1370
2613 2 2 1 1 1307 1308 1372
2614 2 2 1 1 1307 1372 1371
2615 2 2 1 1 1308 1309 1373
2616 2 2 1 1 1308 1373 1372
2617 2 2 1 1 1309 1310 1374
2618 2 2 1 1 1309 1374 1373
2619 2 2 1 1 1310 1311 1375
2620 2 2 1 1 1310 1375 1374
2621 2 2 1 1 1311 1312 1376
2622 2 2 1 1 1311 1376 1375
2623 2 2 1 1 1312 1313 1377
2624 2 2 1 1 1312 1377 1376
2625 2 2 1 1 1313 1314 1378
2626 2 2 1 1 1313 1378 1377
2627 2 2 1 1 1314 1315 1379
2628 2 2 1 1 1314 1379 1378
2629 2 2 1 1 1315 1316 1380
2630 2 2 1 1 1315 1380 1379
2631 2 2 1 1 1316 1317 1381
2632 2 2 1 1 1316 1381 1380
2633 2 2 1 1 1317 1318 1382
2634 2 2 1 1 1317 1382 1381
2635 2 2 1 1 1318 1319 1383
2636 2 2 1 1 1318 1383 1382
2637 2 2 1 1 1319 1320 1384
2638 2 2 1 1 1319 1384 1383
2639 2 2 1 1 1320 1321 1385
2640 2 2 1 1 1320 1385 1384
2641 2 2 1 1 1321 1322 1386
2642 2 2 1 1 1321 1386 1385
2643 2 2 1 1 1322 1323 1387
2644 2 2 1 1 1322 1387 1386
2645 2 2 1 1 1323 1324 1388
2646 2 2 1 1 1323 1388 1387
2647 2 2 1 1 1324 1325 1389
2648 2 2 1 1 1324 1389 1388
2649 2 2 1 1 1325 1326 1390
2650 2 2 1 1 1325 1390 1389
2651 2 2 1 1 1326 1327 1391
2652 2 2 1 1 1326 1391 1390
2653 2 2 1 1 1327 1328 1392
2654 2 2 1 1 1327 1392 1391
2655 2 2 1 1 1328 1329 1393
2656 2 2 1 1 1328 1393 1392
2657 2 2 1 1 1329 1330 1394
2658 2 2 1 1 1329 1394 1393
2659 2 2 1 1 1330 1331 1395
2660 2 2 1 1 1330 1395 1394
2661 2 2 1 1 1331 1332 1396
2662 2 2 1 1 1331 1396 1395
2663 2 2 1 1 1332 1333 1397
2664 2 2 1 1 1332 1397 1396
2665 2 2 1 1 1333 1334 1398
2666 2 2 1 1 1333 1398 1397
2667 2 2 1 1 1334 1335 1399
2668 2 2 1 1 1334 1399 1398
2669 2 2 1 1 1335 1336 1400
2670 2 2 1 1 1335 1400 1399
2671 2 2 1 1 1336 1337 1401
2672 2 2 1 1 1336 1401 1400
2673 2 2 1 1 1337 1338 1402
2674 2 2 1 1 1337 1402 1401
2675 2 2 1 1 1338 1339 1403
2676 2 2 1 1 1338 1403 1402
2677 2 2 1 1 1339 1340 1404
2678 2 2 1 1 1339 1404 1403
2679 2 2 1 1 1340 1341 1405
2680 2 2 1 1 1340 1405 1404
2681 2 2 1 1 1341 1342 1406
2682 2 2 1 1 1341 1406 1405
2683 2 2 1 1 1342 1343 1407
2684 2 2 1 1 1342 1407 1406
2685 2 2 1 1 1343 1344 1408
2686 2 2 1 1 1343 1408 1407
2687 2 2 1 1 1344 1281 1345
2688 2 2 1 1 1344 1345 1408
2689 2 2 1 1 1345 1346 1410
2690 2 2 1 1 1345 1410 1409
2691 2 2 1 1 1346 1347 1411
2692 2 2 1 1 1346 1411 1410
2693 2 2 1 1 1347 1348 1412
2694 2 2 1 1 1347 1412 1411
2695 2 2 1 1 1348 1349 1413
2696 2 2 1 1 1348 1413 1412
2697 2 2 1 1 1349 1350 1414
2698 2 2 1 1 1349 1414 1413
2699 2 2 1 1 1350 1351 1415
2700 2 2 1 1 1350 1415 1414
2701 2 2 1 1 1351 1352 1416
2702 2 2 1 1 1351 1416 1415
2703 2 2 1 1 1352 1353 1417
2704 2 2 1 1 1352 1417 1416
2705 2 2 1 1 1353 1354 1418
2706 2 2 1 1 1353 1418 1417
2707 2 2 1 1 1354 1355 1419
2708 2 2 1 1 1354 1419 1418
2709 2 2 1 1 1355 1356 1420
2710 2 2 1 1 1355 1420 1419
2711 2 2 1 1 1356 1357 1421
2712 2 2 1 1 1356 1421 1420
2713 2 2 1 1 1357 1358 1422
2714 2 2 1 1 1357 1422 1421
2715 2 2 1 1 1358 1359 1423
2716 2 2 1 1 1358 1423 1422
2717 2 2 1 1 1359 1360 1424
2718 2 2 1 1 1359 1424 1423
2719 2 2 1 1 1360 1361 1425
2720 2 2 1 1 1360 1425 1424
2721 2 2 1 1 1361 1362 1426
2722 2 2 1 1 1361 1426 1425
2723 2 2 1 1 1362 1363 1427
2724 2 2 1 1 1362 1427 1426
2725 2 2 1 1 1363 1364 1428
2726 2 2 1 1 1363 1428 1427
2727 2 2 1 1 1364 1365 1429
2728 2 2 1 1 1364 1429 1428
2729 2 2 1 1 1365 1366 1430
2730 2 2 1 1 1365 1430 1429
2731 2 2 1 1 1366 1367 1431
2732 2 2 1 1 1366 1431 1430
2733 2 2 1 1 1367 1368 1432
2734 2 2 1 1 1367 1432 1431
2735 2 2 1 1 1368 1369 1433
2736 2 2 1 1 1368 1433 1432
2737 2 2 1 1 1369 1370 1434
2738 2 2 1 1 1369 1434 1433
2739 2 2 1 1 1370 1371 1435
2740 2 2 1 1 1370 1435 1434
2741 2 2 1 1 1371 1372 1436
2742 2 2 1 1 1371 1436 1435
2743 2 2 1 1 1372 1373 1437
2744 2 2 1 1 1372 1437 1436
2745 2 2 1 1 1373 1374 1438
2746 2 2 1 1 1373 1438 1437
2747 2 2 1 1 1374 1375 1439
2748 2 2 1 1 1374 1439 1438
2749 2 2 1 1 1375 1376 1440
2750 2 2 1 1 1375 1440 1439
2751 2 2 1 1 1376 1377 1441
2752 2 2 1 1 1376 1441 1440
2753 2 2 1 1 1377 1378 1442
2754 2 2 1 1 1377 1442 1441
2755 2 2 1 1 1378 1379 1443
2756 2 2 1 1 1378 1443 1442
2757 2 2 1 1 1379 1380 1444
2758 2 2 1 1 1379 1444 1443
2759 2 2 1 1 1380 1381 1445
2760 2 2 1 1 1380 1445 1444
2761 2 2 1 1 1381 1382 1446
2762 2 2 1 1 1381 1446 1445
2763 2 2 1 1 1382 1383 1447
2764 2 2 1 1 1382 1447 1446
2765 2 2 1 1 1383 1384 1448
2766 2 2 1 1 1383 1448 1447
2767 2 2 1 1 1384 1385 1449
2768 2 2 1 1 1384 1449 1448
2769 2 2 1 1 1385 1386 1450
2770 2 2 1 1 1385 1450 1449
2771 2 2 1 1 1386 1387 1451
2772 2 2 1 1 1386 1451 1450
2773 2 2 1 1 1387 1388 1452
2774 2 2 1 1 1387 1452 1451
2775 2 2 1 1 1388 1389 1453
2776 2 2 1 1 1388 1453 1452
2777 2 2 1 1 1389 1390 1454
2778 2 2 1 1 1389 1454 1453
2779 2 2 1 1 1390 1391 1455
2780 2 2 1 1 1390 1455 1454
2781 2 2 1 1 1391 1392 1456
2782 2 2 1 1 1391 1456 1455
2783 2 2 1 1 1392 1393 1457
2784 2 2 1 1 1392 1457 1456
2785 2 2 1 1 1393 1394 1458
2786 2 2 1 1 1393 1458 1457
2787 2 2 1 1 1394 1395 1459
2788 2 2 1 1 1394 1459 1458
2789 2 2 1 1 1395 1396 1460
2790 2 2 1 1 1395 1460 1459
2791 2 2 1 1 1396 1397 1461
2792 2 2 1 1 1396 1461 1460
2793 2 2 1 1 1397 1398 1462
2794 2 2 1 1 1397 1462 1461
2795 2 2 1 1 1398 1399 1463
2796 2 2 1 1 1398 1463 1462
2797 2 2 1 1 1399 1400 1464
2798 2 2 1 1 1399 1464 1463
2799 2 2 1 1 1400 1401 1465
2800 2 2 1 1 1400 1465 1464
2801 2 2 1 1 1401 1402 1466
2802 2 2 1 1 1401 1466 1465
2803 2 2 1 1 1402 1403 1467
2804 2 2 1 1 1402 1467 1466
2805 2 2 1 1 1403 1404 1468
2806 2 2 1 1 1403 1468 1467
2807 2 2 1 1 1404 1405 1469
2808 2 2 1 1 1404 1469 1468
2809 2 2 1 1 1405 1406 1470
2810 2 2 1 1 1405 1470 1469
2811 2 2 1 1 1406 1407 1471
2812 2 2 1 1 1406 1471 1470
2813 2 2 1 1 1407 1408 1472
2814 2 2 1 1 1407 1472 1471
2815 2 2 1 1 1408 1345 1409
2816 2 2 1 1 1408 1409 1472
2817 2 2 1 1 1409 1410 1474
2818 2 2 1 1 1409 1474 1473
2819 2 2 1 1 1410 1411 1475
2820 2 2 1 1 1410 1475 1474
2821 2 2 1 1 1411 1412 1476
2822 2 2 1 1 1411 1476 1475
2823 2 2 1 1 1412 1413 1477
2824 2 2 1 1 1412 1477 1476
2825 2 2 1 1 1413 1414 1478
2826 2 2 1 1 1413 1478 1477
2827 2 2 1 1 1414 1415 1479
2828 2 2 1 1 1414 1479 1478
2829 2 2 1 1 1415 1416 1480
2830 2 2 1 1 1415 1480 1479
2831 2 2 1 1 1416 1417 1481
2832 2 2 1 1 1416 1481 1480
2833 2 2 1 1 1417 1418 1482
2834 2 2 1 1 1417 1482 1481
2835 2 2 1 1 1418 1419 1483
2836 2 2 1 1 1418 1483 1482
2837 2 2 1 1 1419 1420 1484
2838 2 2 1 1 1419 1484 1483
2839 2 2 1 1 1420 1421 1485
2840 2 2 1 1 1420 1485 1484
2841 2 2 1 1 1421 1422 1486
2842 2 2 1 1 1421 1486 1485
2843 2 2 1 1 1422 1423 1487
2844 2 2 1 1 1422 1487 1486
2845 2 2 1 1 1423 1424 1488
2846 2 2 1 1 1423 1488 1487
2847 2 2 1 1 1424 1425 1489
2848 2 2 1 1 1424 1489 1488
2849 2 2 1 1 1425 1426 1490
2850 2 2 1 1 1425 1490 1489
2851 2 2 1 1 1426 1427 1491
2852 2 2 1 1 1426 1491 1490
2853 2 2 1 1 1427 1428 1492
2854 2 2 1 1 1427 1492 1491
2855 2 2 1 1 1428 1429 1493
2856 2 2 1 1 1428 1493 1492
2857 2 2 1 1 1429 1430 1494
2858 2 2 1 1 1429 1494 1493
2859 2 2 1 1 1430 1431 1495
2860 2 2 1 1 1430 1495 1494
2861 2 2 1 1 1431 1432 1496
2862 2 2 1 1 1431 1496 1495
2863 2 2 1 1 1432 1433 1497
2864 2 2 1 1 1432 1497 1496
2865 2 2 1 1 1433 1434 1498
2866 2 2 1 1 1433 1498 1497
2867 2 2 1 1 1434 1435 1499
2868 2 2 1 1 1434 1499 1498
2869 2 2 1 1 1435 1436 1500
2870 2 2 1 1 1435 1500 1499
2871 2 2 1 1 1436 1437 1501
2872 2 2 1 1 1436 1501 1500
2873 2 2 1 1 1437 1438 1502
2874 2 2 1 1 1437 1502 1501
2875 2 2 1 1 1438 1439 1503
2876 2 2 1 1 1438 1503 1502
2877 2 2 1 1 1439 1440 1504
2878 2 2 1 1 1439 1504 1503
2879 2 2 1 1 1440 1441 1505
2880 2 2 1 1 1440 1505 1504
2881 2 2 1 1 1441 1442 1506
2882 2 2 1 1 1441 1506 1505
2883 2 2 1 1 1442 1443 1507
2884 2 2 1 1 1442 1507 1506
2885 2 2 1 1 1443 1444 1508
2886 2 2 1 1 1443 1508 1507
2887 2 2 1 1 1444 1445 1509
2888 2 2 1 1 1444 1509 1508
2889 2 2 1 1 1445 1446 1510
2890 2 2 1 1 1445 1510 1509
2891 2 2 1 1 1446 1447 1511
2892 2 2 1 1 1446 1511 1510
2893 2 2 1 1 1447 1448 1512
2894 2 2 1 1 1447 1512 1511
2895 2 2 1 1 1448 1449 1513
2896 2 2 1 1 1448 1513 1512
2897 2 2 1 1 1449 1450 1514
2898 2 2 1 1 1449 1514 1513
2899 2 2 1 1 1450 1451 1515
2900 2 2 1 1 1450 1515 1514
2901 2 2 1 1 1451 1452 1516
2902 2 2 1 1 1451 1516 1515
2903 2 2 1 1 1452 1453 1517
2904 2 2 1 1 1452 1517 1516
2905 2 2 1 1 1453 1454 1518
2906 2 2 1 1 1453 1518 1517
2907 2 2 1 1 1454 1455 1519
2908 2 2 1 1 1454 1519 1518
2909 2 2 1 1 1455 1456 1520
2910 2 2 1 1 1455 1520 1519
2911 2 2 1 1 1456 1457 1521
2912 2 2 1 1 1456 1521 1520
2913 2 2 1 1 1457 1458 1522
2914 2 2 1 1 1457 1522 1521
2915 2 2 1 1 1458 1459 1523
2916 2 2 1 1 1458 1523 1522
2917 2 2 1 1 1459 1460 1524
2918 2 2 1 1 1459 1524 1523
2919 2 2 1 1 1460 1461 1525
2920 2 2 1 1 1460 1525 1524
2921 2 2 1 1 1461 1462 1526
2922 2 2 1 1 1461 1526 1525
2923 2 2 1 1 1462 1463 1527
2924 2 2 1 1 1462 1527 1526
2925 2 2 1 1 1463 1464 1528
2926 2 2 1 1 1463 1528 1527
2927 2 2 1 1 1464 1465 1529
2928 2 2 1 1 1464 1529 1528
2929 2 2 1 1 1465 1466 1530
2930 2 2 1 1 1465 1530 1529
2931 2 2 1 1 1466 1467 1531
2932 2 2 1 1 1466 1531 1530
2933 2 2 1 1 1467 1468 1532
2934 2 2 1 1 1467 1532 1531
2935 2 2 1 1 1468 1469 1533
2936 2 2 1 1 1468 1533 1532
2937 2 2 1 1 1469 1470 1534
2938 2 2 1 1 1469 1534 1533
2939 2 2 1 1 1470 1471 1535
2940 2 2 1 1 1470 1535 1534
2941 2 2 1 1 1471 1472 1536
2942 2 2 1 1 1471 1536 1535
2943 2 2 1 1 1472 1409 1473
2944 2 2 1 1 1472 1473 1536
2945 2 2 1 1 1473 1474 1538
2946 2 2 1 1 1473 1538 1537
2947 2 2 1 1 1474 1475 1539
2948 2 2 1 1 1474 1539 1538
2949 2 2 1 1 1475 1476 1540
2950 2 2 1 1 1475 1540 1539
2951 2 2 1 1 1476 1477 1541
2952 2 2 1 1 1476 1541 1540
2953 2 2 1 1 1477 1478 1542
2954 2 2 1 1 1477 1542 1541
2955 2 2 1 1 1478 1479 1543
2956 2 2 1 1 1478 1543 1542
2957 2 2 1 1 1479 1480 1544
2958 2 2 1 1 1479 1544 1543
2959 2 2 1 1 1480 1481 1545
2960 2 2 1 1 1480 1545 1544
2961 2 2 1 1 1481 1482 1546
2962 2 2 1 1 1481 1546 1545
2963 2 2 1 1 1482 1483 1547
2964 2 2 1 1 1482 1547 1546
2965 2 2 1 1 1483 1484 1548
2966 2 2 1 1 1483 1548 1547
2967 2 2 1 1 1484 1485 1549
2968 2 2 1 1 1484 1549 1548
2969 2 2 1 1 1485 1486 1550
2970 2 2 1 1 1485 1550 1549
2971 2 2 1 1 1486 1487 1551
2972 2 2 1 1 1486 1551 1550
2973 2 2 1 1 1487 1488 1552
2974 2 2 1 1 1487 1552 1551
2975 2 2 1 1 1488 1489 1553
2976 2 2 1 1 1488 1553 1552
2977 2 2 1 1 1489 1490 1554
2978 2 2 1 1 1489 1554 1553
2979 2 2 1 1 1490 1491 1555
2980 2 2 1 1 1490 1555 1554
2981 2 2 1 1 1491 1492 1556
2982 2 2 1 1 1491 1556 1555
2983 2 2 1 1 1492 1493 1557
2984 2 2 1 1 1492 1557 1556
2985 2 2 1 1 1493 1494 1558
2986 2 2 1 1 1493 1558 1557
2987 2 2 1 1 1494 1495 1559
2988 2 2 1 1 1494 1559 1558
2989 2 2 1 1 1495 1496 1560
2990 2 2 1 1 1495 1560 1559
2991 2 2 1 1 1496 1497 1561
2992 2 2 1 1 1496 1561 1560
2993 2 2 1 1 1497 1498 1562
2994 2 2 1 1 1497 1562 1561
2995 2 2 1 1 1498 1499 1563
2996 2 2 1 1 1498 1563 1562
2997 2 2 1 1 1499 1500 1564
2998 2 2 1 1 1499 1564 1563
2999 2 2 1 1 1500 1501 1565
3000 2 2 1 1 1500 1565 1564
3001 2 2 1 1 1501 1502 1566
3002 2 2 1 1 1501 1566 1565
3003 2 2 1 1 1502 1503 1567
3004 2 2 1 1 1502 1567 1566
3005 2 2 1 1 1503 1504 1568
3006 2 2 1 1 1503 1568 1567
3007 2 2 1 1 1504 1505 1569
3008 2 2 1 1 1504 1569 1568
3009 2 2 1 1 1505 1506 1570
3010 2 2 1 1 1505 1570 1569
3011 2 2 1 1 1506 1507 1571
3012 2 2 1 1 1506 1571 1570
3013 2 2 1 1 1507 1508 1572
3014 2 2 1 1 1507 1572 1571
3015 2 2 1 1 1508 1509 1573
3016 2 2 1 1 1508 1573 1572
3017 2 2 1 1 1509 1510 1574
3018 2 2 1 1 1509 1574 1573
3019 2 2 1 1 1510 1511 1575
3020 2 2 1 1 1510 1575 1574
3021 2 2 1 1 1511 1512 1576
3022 2 2 1 1 1511 1576 1575
3023 2 2 1 1 1512 1513 1577
3024 2 2 1 1 1512 1577 1576
3025 2 2 1 1 1513 1514 1578
3026 2 2 1 1 1513 1578 1577
3027 2 2 1 1 1514 1515 1579
3028 2 2 1 1 1514 1579 1578
3029 2 2 1 1 1515 1516 1580
3030 2 2 1 1 1515 1580 1579
3031 2 2 1 1 1516 1517 1581
3032 2 2 1 1 1516 1581 1580
3033 2 2 1 1 1517 1518 1582
3034 2 2 1 1 1517 1582 1581
3035 2 2 1 1 1518 1519 1583
3036 2 2 1 1 1518 1583 1582
3037 2 2 1 1 1519 1520 1584
3038 2 2 1 1 1519 1584 1583
3039 2 2 1 1 1520 1521 1585
3040 2 2 1 1 1520 1585 1584
3041 2 2 1 1 1521 1522 1586
3042 2 2 1 1 1521 1586 1585
3043 2 2 1 1 1522 1523 1587
3044 2 2 1 1 1522 1587 1586
3045 2 2 1 1 1523 1524 1588
3046 2 2 1 1 1523 1588 1587
3047 2 2 1 1 1524 1525 1589
3048 2 2 1 1 1524 1589 1588
3049 2 2 1 1 1525 1526 1590
3050 2 2 1 1 1525 1590 1589
3051 2 2 1 1 1526 1527 1591
3052 2 2 1 1 1526 1591 1590
3053 2 2 1 1 1527 1528 1592
3054 2 2 1 1 1527 1592 1591
3055 2 2 1 1 1528 1529 1593
3056 2 2 1 1 1528 1593 1592
3057 2 2 1 1 1529 1530 1594
3058 2 2 1 1 1529 1594 1593
3059 2 2 1 1 1530 1531 1595
3060 2 2 1 1 1530 1595 1594
3061 2 2 1 1 1531 1532 1596
3062 2 2 1 1 1531 1596 1595
3063 2 2 1 1 1532 1533 1597
3064 2 2 1 1 1532 1597 1596
3065 2 2 1 1 1533 1534 1598
3066 2 2 1 1 1533 1598 1597
3067 2 2 1 1 1534 1535 1599
3068 2 2 1 1 1534 1599 1598
3069 2 2 1 1 1535 1536 1600
3070 2 2 1 1 1535 1600 1599
3071 2 2 1 1 1536 1473 1537
3072 2 2 1 1 1536 1537 1600
3073 2 2 2 2 1601 2 1
3074 2 2 2 2 1601 3 2
3075 2 2 2 2 1601 4 3
3076 2 2 2 2 1601 5 4
3077 2 2 2 2 1601 6 5
3078 2 2 2 2 1601 7 6
3079 2 2 2 2 1601 8 7
3080 2 2 2 2 1601 9 8
3081 2 2 2 2 1601 10 9
3082 2 2 2 2 1601 11 10
3083 2 2 2 2 1601 12 11
3084 2 2 2 2 1601 13 12
3085 2 2 2 2 1601 14 13
3086 2 2 2 2 1601 15 14
3087 2 2 2 2 1601 16 15
3088 2 2 2 2 1601 17 16
3089 2 2 2 2 1601 18 17
3090 2 2 2 2 1601 19 18
3091 2 2 2 2 1601 20 19
3092 2 2 2 2 1601 21 20
3093 2 2 2 2 1601 22 21
3094 2 2 2 2 1601 23 22
3095 2 2 2 2 1601 24 23
3096 2 2 2 2 1601 25 24
3097 2 2 2 2 1601 26 25
3098 2 2 2 2 1601 27 26
3099 2 2 2 2 1601 28 27
3100 2 2 2 2 1601 29 28
3101 2 2 2 2 1601 30 29
3102 2 2 2 2 1601 31 30
3103 2 2 2 2 1601 32 31
3104 2 2 2 2 1601 33 32
3105 2 2 2 2 1601 34 33
3106 2 2 2 2 1601 35 34
3107 2 2 2 2 1601 36 35
3108 2 2 2 2 1601 37 36
3109 2 2 2 2 1601 38 37
3110 2 2 2 2 1601 39 38
3111 2 2 2 2 1601 40 39
3112 2 2 2 2 1601 41 40
3113 2 2 2 2 1601 42 41
3114 2 2 2 2 1601 43 42
3115 2 2 2 2 1601 44 43
3116 2 2 2 2 1601 45 44
3117 2 2 2 2 1601 46 45
3118 2 2 2 2 1601 47 46
3119 2 2 2 2 1601 48 47
3120 2 2 2 2 1601 49 48
3121 2 2 2 2 1601 50 49
3122 2 2 2 2 1601 51 50
3123 2 2 2 2 1601 52 51
3124 2 2 2 2 1601 53 52
3125 2 2 2 2 1601 54 53
3126 2 2 2 2 1601 55 54
3127 2 2 2 2 1601 56 55
3128 2 2 2 2 1601 57 56
3129 2 2 2 2 1601 58 57
3130 2 2 2 2 1601 59 58
3131 2 2 2 2 1601 60 59
3132 2 2 2 2 1601 61 60
3133 2 2 2 2 1601 62 61
3134 2 2 2 2 1601 63 62
3135 2 2 2 2 1601 64 63
3136 2 2 2 2 1601 1 64
$EndElements
