# Metres. Concept only; see mesh-report.json for active limitations.
v 0.0127 0.0 -0.085
v 0.0126388460287369 0.0012448176821854195 -0.085
v 0.012455973061121027 0.0024776470896048287 -0.085
v 0.01215314226379905 0.003686615401131671 -0.085
v 0.011733270062893342 0.0048600795910366396 -0.085
v 0.011200400057224108 0.005986738557690169 -0.085
v 0.010559664076242325 0.007055741959348947 -0.085
v 0.009817232757706759 0.008056794708878297 -0.085
v 0.008980256121069154 0.008980256121069152 -0.085
v 0.008056794708878297 0.009817232757706759 -0.085
v 0.007055741959348949 0.010559664076242325 -0.085
v 0.005986738557690172 0.011200400057224107 -0.085
v 0.00486007959103664 0.011733270062893342 -0.085
v 0.003686615401131671 0.01215314226379905 -0.085
v 0.0024776470896048296 0.012455973061121027 -0.085
v 0.0012448176821854217 0.012638846028736899 -0.085
v 7.776507174585693e-19 0.0127 -0.085
v -0.0012448176821854202 0.0126388460287369 -0.085
v -0.002477647089604828 0.012455973061121027 -0.085
v -0.0036866154011316694 0.012153142263799053 -0.085
v -0.004860079591036639 0.011733270062893342 -0.085
v -0.00598673855769017 0.011200400057224108 -0.085
v -0.007055741959348945 0.010559664076242327 -0.085
v -0.008056794708878297 0.00981723275770676 -0.085
v -0.008980256121069152 0.008980256121069154 -0.085
v -0.009817232757706759 0.008056794708878297 -0.085
v -0.010559664076242327 0.007055741959348947 -0.085
v -0.011200400057224107 0.005986738557690172 -0.085
v -0.011733270062893342 0.004860079591036641 -0.085
v -0.01215314226379905 0.003686615401131672 -0.085
v -0.012455973061121027 0.002477647089604833 -0.085
v -0.012638846028736899 0.0012448176821854224 -0.085
v -0.0127 1.5553014349171385e-18 -0.085
v -0.0126388460287369 -0.0012448176821854193 -0.085
v -0.012455973061121027 -0.00247764708960483 -0.085
v -0.012153142263799053 -0.0036866154011316685 -0.085
v -0.011733270062893344 -0.004860079591036638 -0.085
v -0.011200400057224108 -0.005986738557690169 -0.085
v -0.010559664076242327 -0.007055741959348945 -0.085
v -0.00981723275770676 -0.008056794708878295 -0.085
v -0.008980256121069155 -0.008980256121069152 -0.085
v -0.008056794708878302 -0.009817232757706755 -0.085
v -0.007055741959348947 -0.010559664076242325 -0.085
v -0.005986738557690173 -0.011200400057224107 -0.085
v -0.004860079591036647 -0.011733270062893337 -0.085
v -0.003686615401131673 -0.01215314226379905 -0.085
v -0.002477647089604834 -0.012455973061121025 -0.085
v -0.0012448176821854176 -0.0126388460287369 -0.085
v -2.3329521523757078e-18 -0.0127 -0.085
v 0.001244817682185413 -0.0126388460287369 -0.085
v 0.0024776470896048296 -0.012455973061121027 -0.085
v 0.003686615401131668 -0.012153142263799053 -0.085
v 0.004860079591036642 -0.01173327006289334 -0.085
v 0.0059867385576901685 -0.011200400057224108 -0.085
v 0.007055741959348943 -0.010559664076242327 -0.085
v 0.008056794708878299 -0.009817232757706759 -0.085
v 0.00898025612106915 -0.008980256121069155 -0.085
v 0.009817232757706755 -0.008056794708878304 -0.085
v 0.010559664076242325 -0.007055741959348947 -0.085
v 0.011200400057224107 -0.005986738557690174 -0.085
v 0.011733270062893337 -0.004860079591036648 -0.085
v 0.01215314226379905 -0.0036866154011316733 -0.085
v 0.012455973061121025 -0.0024776470896048348 -0.085
v 0.0126388460287369 -0.0012448176821854185 -0.085
v 0.01258784722222222 0.0 -0.07791666666666666
v 0.012527233297238595 0.0014498255227983234 -0.07791666666666666
v 0.012345975267520248 0.0028856884332568488 -0.07791666666666666
v 0.012045818746979084 0.0042937605866253505 -0.07791666666666666
v 0.011629654406990167 0.005660481478336355 -0.07791666666666666
v 0.01110149013764615 0.006972688839077045 -0.07791666666666666
v 0.010466412449584782 0.008217745394637979 -0.07791666666666666
v 0.009730537488110867 0.009383660569771959 -0.07791666666666666
v 0.008900952131373579 0.010459205963988376 -0.07791666666666666
v 0.007985645739855777 0.01143402348718801 -0.07791666666666666
v 0.006993433214465153 0.012298725113732983 -0.07791666666666666
v 0.005933870104219756 0.013044983294265672 -0.07791666666666666
v 0.004817160581087361 0.013665611154561335 -0.07791666666666666
v 0.0036540591682312573 0.014154631709055617 -0.07791666666666666
v 0.0024557671680731597 0.014507335422482923 -0.07791666666666666
v 0.0012338247876276273 0.014720325565275472 -0.07791666666666666
v 7.707833404425172e-19 0.014791550925925925 -0.07791666666666666
v -0.0012338247876276258 0.014720325565275473 -0.07791666666666666
v -0.002455767168073158 0.014507335422482923 -0.07791666666666666
v -0.0036540591682312556 0.014154631709055622 -0.07791666666666666
v -0.00481716058108736 0.013665611154561335 -0.07791666666666666
v -0.005933870104219754 0.013044983294265674 -0.07791666666666666
v -0.006993433214465149 0.012298725113732985 -0.07791666666666666
v -0.007985645739855777 0.011434023487188012 -0.07791666666666666
v -0.008900952131373577 0.010459205963988378 -0.07791666666666666
v -0.009730537488110867 0.009383660569771959 -0.07791666666666666
v -0.010466412449584784 0.008217745394637979 -0.07791666666666666
v -0.011101490137646148 0.006972688839077048 -0.07791666666666666
v -0.011629654406990167 0.005660481478336357 -0.07791666666666666
v -0.012045818746979084 0.004293760586625351 -0.07791666666666666
v -0.012345975267520248 0.002885688433256854 -0.07791666666666666
v -0.012527233297238594 0.0014498255227983268 -0.07791666666666666
v -0.01258784722222222 1.8114425495860253e-18 -0.07791666666666666
v -0.012527233297238595 -0.0014498255227983232 -0.07791666666666666
v -0.012345975267520248 -0.0028856884332568505 -0.07791666666666666
v -0.012045818746979086 -0.004293760586625347 -0.07791666666666666
v -0.011629654406990169 -0.0056604814783363525 -0.07791666666666666
v -0.01110149013764615 -0.006972688839077045 -0.07791666666666666
v -0.010466412449584784 -0.008217745394637977 -0.07791666666666666
v -0.009730537488110869 -0.009383660569771957 -0.07791666666666666
v -0.00890095213137358 -0.010459205963988376 -0.07791666666666666
v -0.007985645739855782 -0.011434023487188007 -0.07791666666666666
v -0.006993433214465152 -0.012298725113732983 -0.07791666666666666
v -0.005933870104219757 -0.013044983294265672 -0.07791666666666666
v -0.0048171605810873675 -0.013665611154561332 -0.07791666666666666
v -0.0036540591682312595 -0.014154631709055617 -0.07791666666666666
v -0.002455767168073164 -0.014507335422482922 -0.07791666666666666
v -0.0012338247876276232 -0.014720325565275473 -0.07791666666666666
v -2.3123500213275516e-18 -0.014791550925925925 -0.07791666666666666
v 0.0012338247876276186 -0.014720325565275473 -0.07791666666666666
v 0.0024557671680731597 -0.014507335422482923 -0.07791666666666666
v 0.0036540591682312543 -0.014154631709055622 -0.07791666666666666
v 0.004817160581087363 -0.013665611154561334 -0.07791666666666666
v 0.0059338701042197526 -0.013044983294265674 -0.07791666666666666
v 0.006993433214465147 -0.012298725113732985 -0.07791666666666666
v 0.007985645739855779 -0.01143402348718801 -0.07791666666666666
v 0.008900952131373575 -0.01045920596398838 -0.07791666666666666
v 0.009730537488110865 -0.009383660569771968 -0.07791666666666666
v 0.010466412449584782 -0.008217745394637979 -0.07791666666666666
v 0.011101490137646148 -0.00697268883907705 -0.07791666666666666
v 0.011629654406990163 -0.005660481478336364 -0.07791666666666666
v 0.012045818746979084 -0.004293760586625353 -0.07791666666666666
v 0.012345975267520246 -0.0028856884332568557 -0.07791666666666666
v 0.012527233297238595 -0.001449825522798322 -0.07791666666666666
v 0.012277777777777776 0.0 -0.07083333333333335
v 0.01221865692191975 0.0020166119056692932 -0.07083333333333335
v 0.01204186372050633 0.004013802736294786 -0.07083333333333335
v 0.011749100788712118 0.005972338452401994 -0.07083333333333335
v 0.011343187593610799 0.007873357284400273 -0.07083333333333335
v 0.010828033301165912 0.009698551381734876 -0.07083333333333335
v 0.010208599128825695 0.011430343127495888 -0.07083333333333335
v 0.009490850566286936 0.013052054420477964 -0.07083333333333335
v 0.008681699924568166 0.014548067294412114 -0.07083333333333335
v 0.0077889397666758686 0.01590397432751853 -0.07083333333333335
v 0.006821167860962895 0.017106717393854217 -0.07083333333333335
v 0.005787704379919195 0.018144713420204118 -0.07083333333333335
v 0.004698502141815825 0.01900796593740814 -0.07083333333333335
v 0.0035640507596242316 0.019688161351823778 -0.07083333333333335
v 0.002395275620309131 0.020178749009777577 -0.07083333333333335
v 0.0012034326673796072 0.020475004283940938 -0.07083333333333335
v 7.517970628099028e-19 0.02057407407407407 -0.07083333333333335
v -0.0012034326673796057 0.02047500428394094 -0.07083333333333335
v -0.0023952756203091292 0.020178749009777577 -0.07083333333333335
v -0.00356405075962423 0.01968816135182378 -0.07083333333333335
v -0.004698502141815823 0.01900796593740814 -0.07083333333333335
v -0.005787704379919194 0.01814471342020412 -0.07083333333333335
v -0.00682116786096289 0.017106717393854217 -0.07083333333333335
v -0.0077889397666758686 0.015903974327518534 -0.07083333333333335
v -0.008681699924568164 0.014548067294412118 -0.07083333333333335
v -0.009490850566286936 0.013052054420477964 -0.07083333333333335
v -0.010208599128825697 0.011430343127495888 -0.07083333333333335
v -0.010828033301165912 0.00969855138173488 -0.07083333333333335
v -0.011343187593610799 0.007873357284400275 -0.07083333333333335
v -0.011749100788712118 0.005972338452401995 -0.07083333333333335
v -0.01204186372050633 0.004013802736294794 -0.07083333333333335
v -0.012218656921919748 0.002016611905669298 -0.07083333333333335
v -0.012277777777777776 2.519597396023536e-18 -0.07083333333333335
v -0.01221865692191975 -0.002016611905669293 -0.07083333333333335
v -0.01204186372050633 -0.0040138027362947885 -0.07083333333333335
v -0.01174910078871212 -0.005972338452401988 -0.07083333333333335
v -0.0113431875936108 -0.00787335728440027 -0.07083333333333335
v -0.010828033301165912 -0.009698551381734876 -0.07083333333333335
v -0.010208599128825697 -0.011430343127495884 -0.07083333333333335
v -0.009490850566286938 -0.01305205442047796 -0.07083333333333335
v -0.008681699924568168 -0.014548067294412114 -0.07083333333333335
v -0.007788939766675874 -0.015903974327518527 -0.07083333333333335
v -0.006821167860962893 -0.017106717393854217 -0.07083333333333335
v -0.005787704379919196 -0.018144713420204118 -0.07083333333333335
v -0.004698502141815832 -0.019007965937408135 -0.07083333333333335
v -0.0035640507596242333 -0.019688161351823778 -0.07083333333333335
v -0.002395275620309135 -0.020178749009777574 -0.07083333333333335
v -0.0012034326673796031 -0.02047500428394094 -0.07083333333333335
v -2.2553911884297087e-18 -0.02057407407407407 -0.07083333333333335
v 0.0012034326673795988 -0.02047500428394094 -0.07083333333333335
v 0.002395275620309131 -0.020178749009777577 -0.07083333333333335
v 0.003564050759624228 -0.01968816135182378 -0.07083333333333335
v 0.004698502141815827 -0.01900796593740814 -0.07083333333333335
v 0.005787704379919192 -0.01814471342020412 -0.07083333333333335
v 0.006821167860962888 -0.017106717393854217 -0.07083333333333335
v 0.00778893976667587 -0.01590397432751853 -0.07083333333333335
v 0.008681699924568164 -0.01454806729441212 -0.07083333333333335
v 0.009490850566286933 -0.013052054420477976 -0.07083333333333335
v 0.010208599128825695 -0.011430343127495888 -0.07083333333333335
v 0.010828033301165912 -0.009698551381734883 -0.07083333333333335
v 0.011343187593610795 -0.007873357284400286 -0.07083333333333335
v 0.011749100788712118 -0.005972338452401996 -0.07083333333333335
v 0.012041863720506328 -0.004013802736294797 -0.07083333333333335
v 0.01221865692191975 -0.0020166119056692906 -0.07083333333333335
v 0.011809374999999999 0.0 -0.06375
v 0.011752509631544476 0.0028728211223467155 -0.06375
v 0.0115824611707619 0.005717975406841458 -0.06375
v 0.011300867277287553 0.008508062462405007 -0.06375
v 0.010910439854250477 0.011216212225475553 -0.06375
v 0.010414938931163855 0.013816343733409476 -0.06375
v 0.00981913645278537 0.0162834162984089 -0.06375
v 0.009128770322680571 0.018593670663033846 -0.06375
v 0.008350489144074885 0.020724857814839466 -0.06375
v 0.00749178819017005 0.022656453256528465 -0.06375
v 0.006560937220565866 0.02436985466807991 -0.06375
v 0.0055669008389545175 0.025848561057260064 -0.06375
v 0.004519252159086482 0.027078331673197995 -0.06375
v 0.0034280806104519156 0.02804732315260121 -0.06375
v 0.0023038947715592153 0.028746203577818433 -0.06375
v 0.0011575211665794066 0.02916824234830792 -0.06375
v 7.231156646840386e-19 0.029309375 -0.06375
v -0.0011575211665794051 0.02916824234830792 -0.06375
v -0.0023038947715592136 0.028746203577818433 -0.06375
v -0.003428080610451914 0.02804732315260121 -0.06375
v -0.004519252159086481 0.027078331673197995 -0.06375
v -0.005566900838954516 0.025848561057260067 -0.06375
v -0.006560937220565862 0.024369854668079914 -0.06375
v -0.00749178819017005 0.022656453256528472 -0.06375
v -0.008350489144074883 0.020724857814839466 -0.06375
v -0.009128770322680571 0.018593670663033846 -0.06375
v -0.009819136452785373 0.0162834162984089 -0.06375
v -0.010414938931163853 0.01381634373340948 -0.06375
v -0.010910439854250477 0.011216212225475555 -0.06375
v -0.011300867277287553 0.008508062462405009 -0.06375
v -0.0115824611707619 0.005717975406841469 -0.06375
v -0.011752509631544474 0.002872821122346722 -0.06375
v -0.011809374999999999 3.589363227875946e-18 -0.06375
v -0.011752509631544476 -0.002872821122346715 -0.06375
v -0.0115824611707619 -0.005717975406841462 -0.06375
v -0.011300867277287555 -0.008508062462405 -0.06375
v -0.010910439854250479 -0.011216212225475548 -0.06375
v -0.010414938931163855 -0.013816343733409476 -0.06375
v -0.009819136452785373 -0.016283416298408893 -0.06375
v -0.009128770322680573 -0.01859367066303384 -0.06375
v -0.008350489144074887 -0.020724857814839466 -0.06375
v -0.007491788190170054 -0.022656453256528458 -0.06375
v -0.006560937220565864 -0.02436985466807991 -0.06375
v -0.005566900838954518 -0.025848561057260064 -0.06375
v -0.004519252159086488 -0.027078331673197988 -0.06375
v -0.0034280806104519173 -0.02804732315260121 -0.06375
v -0.002303894771559219 -0.028746203577818426 -0.06375
v -0.0011575211665794027 -0.02916824234830792 -0.06375
v -2.169346994052116e-18 -0.029309375 -0.06375
v 0.0011575211665793988 -0.02916824234830792 -0.06375
v 0.0023038947715592153 -0.028746203577818433 -0.06375
v 0.0034280806104519126 -0.02804732315260121 -0.06375
v 0.004519252159086484 -0.02707833167319799 -0.06375
v 0.005566900838954514 -0.025848561057260067 -0.06375
v 0.00656093722056586 -0.024369854668079918 -0.06375
v 0.007491788190170052 -0.022656453256528465 -0.06375
v 0.008350489144074881 -0.02072485781483947 -0.06375
v 0.009128770322680568 -0.018593670663033864 -0.06375
v 0.00981913645278537 -0.0162834162984089 -0.06375
v 0.010414938931163853 -0.013816343733409484 -0.06375
v 0.010910439854250473 -0.01121621222547557 -0.06375
v 0.011300867277287553 -0.00850806246240501 -0.06375
v 0.011582461170761898 -0.005717975406841474 -0.06375
v 0.011752509631544476 -0.0028728211223467124 -0.06375
v 0.011222222222222222 0.0 -0.05666666666666667
v 0.011168184154876876 0.003946097464378977 -0.05666666666666667
v 0.011006590368969586 0.007854191853019681 -0.05666666666666667
v 0.010738997100994787 0.011686646080577798 -0.05666666666666667
v 0.01036798142040444 0.015406551517809355 -0.05666666666666667
v 0.009897116411020429 0.018978083441846646 -0.05666666666666667
v 0.009330936760284118 0.02236684604786324 -0.05666666666666667
v 0.008674895087737382 0.025540203699477133 -0.05666666666666667
v 0.0079353094333157 0.02846759522776952 -0.05666666666666667
v 0.007119302411169798 0.031120828252047962 -0.05666666666666667
v 0.006234732614997759 0.03347435068788395 -0.05666666666666667
v 0.005290118935491753 0.035505496827654144 -0.05666666666666667
v 0.004294558518763786 0.03719470562369514 -0.05666666666666667
v 0.0032576391558556328 0.038525709071885586 -0.05666666666666667
v 0.0021893469470698843 0.03948568888141894 -0.05666666666666667
v 0.0010999701303650708 0.04006539992195103 -0.05666666666666667
v 6.87162926188237e-19 0.04025925925925925 -0.05666666666666667
v -0.0010999701303650695 0.04006539992195104 -0.05666666666666667
v -0.002189346947069883 0.03948568888141894 -0.05666666666666667
v -0.0032576391558556306 0.03852570907188559 -0.05666666666666667
v -0.004294558518763784 0.03719470562369514 -0.05666666666666667
v -0.005290118935491752 0.035505496827654144 -0.05666666666666667
v -0.006234732614997755 0.03347435068788395 -0.05666666666666667
v -0.007119302411169798 0.031120828252047972 -0.05666666666666667
v -0.007935309433315697 0.028467595227769524 -0.05666666666666667
v -0.008674895087737382 0.025540203699477133 -0.05666666666666667
v -0.00933093676028412 0.02236684604786324 -0.05666666666666667
v -0.009897116411020427 0.018978083441846653 -0.05666666666666667
v -0.01036798142040444 0.015406551517809359 -0.05666666666666667
v -0.010738997100994787 0.0116866460805778 -0.05666666666666667
v -0.011006590368969586 0.007854191853019695 -0.05666666666666667
v -0.011168184154876875 0.003946097464378986 -0.05666666666666667
v -0.011222222222222222 4.930337298789529e-18 -0.05666666666666667
v -0.011168184154876876 -0.003946097464378976 -0.05666666666666667
v -0.011006590368969586 -0.007854191853019686 -0.05666666666666667
v -0.010738997100994789 -0.011686646080577788 -0.05666666666666667
v -0.01036798142040444 -0.015406551517809352 -0.05666666666666667
v -0.009897116411020429 -0.018978083441846646 -0.05666666666666667
v -0.00933093676028412 -0.022366846047863233 -0.05666666666666667
v -0.008674895087737384 -0.025540203699477126 -0.05666666666666667
v -0.007935309433315703 -0.02846759522776952 -0.05666666666666667
v -0.007119302411169803 -0.03112082825204795 -0.05666666666666667
v -0.006234732614997757 -0.03347435068788395 -0.05666666666666667
v -0.005290118935491754 -0.035505496827654144 -0.05666666666666667
v -0.004294558518763791 -0.03719470562369512 -0.05666666666666667
v -0.003257639155855634 -0.038525709071885586 -0.05666666666666667
v -0.0021893469470698882 -0.039485688881418936 -0.05666666666666667
v -0.001099970130365067 -0.04006539992195104 -0.05666666666666667
v -2.061488778564711e-18 -0.04025925925925925 -0.05666666666666667
v 0.0010999701303650634 -0.04006539992195104 -0.05666666666666667
v 0.0021893469470698843 -0.03948568888141894 -0.05666666666666667
v 0.0032576391558556297 -0.03852570907188559 -0.05666666666666667
v 0.0042945585187637875 -0.03719470562369513 -0.05666666666666667
v 0.005290118935491751 -0.035505496827654144 -0.05666666666666667
v 0.006234732614997753 -0.03347435068788396 -0.05666666666666667
v 0.0071193024111698 -0.031120828252047962 -0.05666666666666667
v 0.007935309433315697 -0.028467595227769527 -0.05666666666666667
v 0.008674895087737378 -0.025540203699477154 -0.05666666666666667
v 0.009330936760284118 -0.02236684604786324 -0.05666666666666667
v 0.009897116411020427 -0.018978083441846656 -0.05666666666666667
v 0.010367981420404437 -0.015406551517809378 -0.05666666666666667
v 0.010738997100994787 -0.011686646080577803 -0.05666666666666667
v 0.011006590368969584 -0.007854191853019702 -0.05666666666666667
v 0.011168184154876876 -0.003946097464378973 -0.05666666666666667
v 0.010555902777777779 0.0 -0.049583333333333326
v 0.010505073220681062 0.0051640852233144656 -0.049583333333333326
v 0.010353074065812016 0.01027843748295227 -0.049583333333333326
v 0.010101369148123223 0.015293802770863778 -0.049583333333333326
v 0.009752382523567926 0.020161880377648843 -0.049583333333333326
v 0.00930947512411609 0.024835788054792203 -0.049583333333333326
v 0.008776912390142248 0.029270513516345138 -0.049583333333333326
v 0.008159823191902973 0.03342334793184536 -0.049583333333333326
v 0.007464150435712581 0.037254297235701395 -0.049583333333333326
v 0.006696593830506591 0.04072646729190717 -0.049583333333333326
v 0.005864545365982268 0.043806419204740224 -0.049583333333333326
v 0.00497601812369693 0.046464491353606974 -0.049583333333333326
v 0.004039569106712186 0.048675085050663806 -0.049583333333333326
v 0.0030642168309767044 0.05041691107017462 -0.049583333333333326
v 0.0020593544720876097 0.05167319467539257 -0.049583333333333326
v 0.001034659403874645 0.05243183716844491 -0.049583333333333326
v 6.463626274458104e-19 0.05268553240740741 -0.049583333333333326
v -0.0010346594038746434 0.05243183716844491 -0.049583333333333326
v -0.0020593544720876084 0.05167319467539257 -0.049583333333333326
v -0.0030642168309767026 0.050416911070174625 -0.049583333333333326
v -0.004039569106712184 0.048675085050663806 -0.049583333333333326
v -0.004976018123696929 0.046464491353606974 -0.049583333333333326
v -0.005864545365982263 0.04380641920474023 -0.049583333333333326
v -0.006696593830506591 0.040726467291907174 -0.049583333333333326
v -0.007464150435712579 0.037254297235701395 -0.049583333333333326
v -0.008159823191902973 0.03342334793184536 -0.049583333333333326
v -0.00877691239014225 0.029270513516345138 -0.049583333333333326
v -0.009309475124116088 0.02483578805479221 -0.049583333333333326
v -0.009752382523567926 0.020161880377648846 -0.049583333333333326
v -0.010101369148123223 0.01529380277086378 -0.049583333333333326
v -0.010353074065812016 0.010278437482952292 -0.049583333333333326
v -0.01050507322068106 0.005164085223314477 -0.049583333333333326
v -0.010555902777777779 6.452116862410564e-18 -0.049583333333333326
v -0.010505073220681062 -0.005164085223314465 -0.049583333333333326
v -0.010353074065812016 -0.010278437482952277 -0.049583333333333326
v -0.010101369148123223 -0.015293802770863764 -0.049583333333333326
v -0.009752382523567927 -0.020161880377648836 -0.049583333333333326
v -0.00930947512411609 -0.024835788054792203 -0.049583333333333326
v -0.00877691239014225 -0.029270513516345124 -0.049583333333333326
v -0.008159823191902974 -0.03342334793184535 -0.049583333333333326
v -0.007464150435712582 -0.037254297235701395 -0.049583333333333326
v -0.006696593830506596 -0.040726467291907154 -0.049583333333333326
v -0.005864545365982266 -0.043806419204740224 -0.049583333333333326
v -0.004976018123696932 -0.046464491353606974 -0.049583333333333326
v -0.004039569106712191 -0.0486750850506638 -0.049583333333333326
v -0.0030642168309767057 -0.05041691107017462 -0.049583333333333326
v -0.002059354472087614 -0.05167319467539255 -0.049583333333333326
v -0.0010346594038746413 -0.05243183716844491 -0.049583333333333326
v -1.9390878823374313e-18 -0.05268553240740741 -0.049583333333333326
v 0.0010346594038746376 -0.05243183716844491 -0.049583333333333326
v 0.0020593544720876097 -0.05167319467539257 -0.049583333333333326
v 0.0030642168309767018 -0.050416911070174625 -0.049583333333333326
v 0.0040395691067121875 -0.0486750850506638 -0.049583333333333326
v 0.004976018123696927 -0.046464491353606974 -0.049583333333333326
v 0.005864545365982262 -0.04380641920474023 -0.049583333333333326
v 0.006696593830506593 -0.04072646729190717 -0.049583333333333326
v 0.007464150435712577 -0.0372542972357014 -0.049583333333333326
v 0.008159823191902971 -0.033423347931845385 -0.049583333333333326
v 0.008776912390142248 -0.029270513516345138 -0.049583333333333326
v 0.009309475124116088 -0.024835788054792217 -0.049583333333333326
v 0.009752382523567924 -0.02016188037764887 -0.049583333333333326
v 0.010101369148123223 -0.015293802770863783 -0.049583333333333326
v 0.010353074065812014 -0.0102784374829523 -0.049583333333333326
v 0.010505073220681062 -0.0051640852233144595 -0.049583333333333326
v 0.00985 0.0 -0.0425
v 0.009802569557721139 0.006454428690701566 -0.0425
v 0.00966073501197182 0.012846697704762043 -0.0425
v 0.009425862306962256 0.019115245997206345 -0.0425
v 0.009100213395236175 0.025199704021241165 -0.0425
v 0.008686924453831298 0.031041475119991946 -0.0425
v 0.008189975681180071 0.036584299844340806 -0.0425
v 0.007614152965622958 0.04177479776217605 -0.0425
v 0.006965001794687494 0.046562981541134155 -0.0425
v 0.006248773849011908 0.05090273835393623 -0.0425
v 0.005472366795243083 0.054752273970122604 -0.0425
v 0.004643257857736078 0.05807451525733918 -0.0425
v 0.003769431808796135 0.06083746721586823 -0.0425
v 0.002859304070956454 0.06301452110796595 -0.0425
v 0.001921639671858864 0.06458471071455273 -0.0425
v 0.0009654688322461735 0.06553291425136416 -0.0425
v 6.031385485800714e-19 0.06584999999999999 -0.0425
v -0.0009654688322461724 0.06553291425136416 -0.0425
v -0.0019216396718588625 0.06458471071455273 -0.0425
v -0.002859304070956452 0.06301452110796596 -0.0425
v -0.0037694318087961335 0.06083746721586823 -0.0425
v -0.004643257857736077 0.05807451525733918 -0.0425
v -0.005472366795243079 0.05475227397012261 -0.0425
v -0.006248773849011907 0.05090273835393624 -0.0425
v -0.006965001794687492 0.046562981541134155 -0.0425
v -0.007614152965622958 0.04177479776217605 -0.0425
v -0.008189975681180073 0.036584299844340806 -0.0425
v -0.008686924453831296 0.031041475119991956 -0.0425
v -0.009100213395236175 0.02519970402124117 -0.0425
v -0.009425862306962256 0.01911524599720635 -0.0425
v -0.00966073501197182 0.012846697704762069 -0.0425
v -0.009802569557721139 0.00645442869070158 -0.0425
v -0.00985 8.064299172385322e-18 -0.0425
v -0.009802569557721139 -0.006454428690701565 -0.0425
v -0.00966073501197182 -0.012846697704762051 -0.0425
v -0.009425862306962258 -0.01911524599720633 -0.0425
v -0.009100213395236175 -0.025199704021241155 -0.0425
v -0.008686924453831298 -0.031041475119991946 -0.0425
v -0.008189975681180073 -0.03658429984434079 -0.0425
v -0.00761415296562296 -0.04177479776217603 -0.0425
v -0.006965001794687495 -0.046562981541134155 -0.0425
v -0.006248773849011911 -0.05090273835393621 -0.0425
v -0.005472366795243081 -0.054752273970122604 -0.0425
v -0.00464325785773608 -0.05807451525733918 -0.0425
v -0.003769431808796139 -0.06083746721586822 -0.0425
v -0.0028593040709564547 -0.06301452110796595 -0.0425
v -0.0019216396718588673 -0.06458471071455271 -0.0425
v -0.0009654688322461705 -0.06553291425136416 -0.0425
v -1.8094156457402144e-18 -0.06584999999999999 -0.0425
v 0.0009654688322461669 -0.06553291425136416 -0.0425
v 0.0019216396718588638 -0.06458471071455273 -0.0425
v 0.0028593040709564512 -0.06301452110796596 -0.0425
v 0.003769431808796136 -0.060837467215868225 -0.0425
v 0.004643257857736076 -0.05807451525733918 -0.0425
v 0.005472366795243077 -0.05475227397012262 -0.0425
v 0.0062487738490119085 -0.05090273835393623 -0.0425
v 0.006965001794687491 -0.04656298154113416 -0.0425
v 0.007614152965622956 -0.041774797762176095 -0.0425
v 0.008189975681180071 -0.036584299844340806 -0.0425
v 0.008686924453831296 -0.031041475119991967 -0.0425
v 0.009100213395236171 -0.0251997040212412 -0.0425
v 0.009425862306962256 -0.01911524599720635 -0.0425
v 0.009660735011971818 -0.012846697704762077 -0.0425
v 0.009802569557721139 -0.006454428690701559 -0.0425
v 0.009144097222222222 0.0 -0.035416666666666666
v 0.009100065894761217 0.0077447721580886685 -0.035416666666666666
v 0.008968395958131623 0.01541495792657182 -0.035416666666666666
v 0.008750355465801291 0.02293668922354892 -0.035416666666666666
v 0.008448044266904422 0.03023752766483349 -0.035416666666666666
v 0.008064373783546503 0.037247162185191696 -0.035416666666666666
v 0.007603038972217892 0.043898086172336474 -0.035416666666666666
v 0.007068482739342944 0.05012624759250676 -0.035416666666666666
v 0.006465853153662405 0.05587166584656693 -0.035416666666666666
v 0.005800953867517222 0.06107900941596529 -0.035416666666666666
v 0.0050801882245038975 0.065698128735505 -0.035416666666666666
v 0.004310497591775226 0.06968453916107138 -0.035416666666666666
v 0.0034992945108800835 0.07299984938107267 -0.035416666666666666
v 0.002654391310936203 0.07561213114575731 -0.035416666666666666
v 0.0017839248716301178 0.0774962267537129 -0.035416666666666666
v 0.0008962782606177024 0.0786339913342834 -0.035416666666666666
v 5.599144697143324e-19 0.07901446759259259 -0.035416666666666666
v -0.0008962782606177012 0.07863399133428342 -0.035416666666666666
v -0.0017839248716301163 0.0774962267537129 -0.035416666666666666
v -0.0026543913109362016 0.07561213114575731 -0.035416666666666666
v -0.003499294510880082 0.07299984938107267 -0.035416666666666666
v -0.004310497591775225 0.0696845391610714 -0.035416666666666666
v -0.005080188224503894 0.065698128735505 -0.035416666666666666
v -0.005800953867517222 0.0610790094159653 -0.035416666666666666
v -0.0064658531536624046 0.05587166584656693 -0.035416666666666666
v -0.007068482739342944 0.05012624759250676 -0.035416666666666666
v -0.007603038972217893 0.043898086172336474 -0.035416666666666666
v -0.008064373783546502 0.03724716218519171 -0.035416666666666666
v -0.008448044266904422 0.030237527664833497 -0.035416666666666666
v -0.008750355465801291 0.022936689223548922 -0.035416666666666666
v -0.008968395958131623 0.015414957926571849 -0.035416666666666666
v -0.009100065894761216 0.007744772158088686 -0.035416666666666666
v -0.009144097222222222 9.676481482360081e-18 -0.035416666666666666
v -0.009100065894761217 -0.007744772158088667 -0.035416666666666666
v -0.008968395958131623 -0.015414957926571828 -0.035416666666666666
v -0.008750355465801291 -0.0229366892235489 -0.035416666666666666
v -0.008448044266904424 -0.03023752766483348 -0.035416666666666666
v -0.008064373783546503 -0.037247162185191696 -0.035416666666666666
v -0.007603038972217893 -0.043898086172336453 -0.035416666666666666
v -0.007068482739342945 -0.05012624759250673 -0.035416666666666666
v -0.006465853153662406 -0.05587166584656693 -0.035416666666666666
v -0.005800953867517226 -0.061079009415965266 -0.035416666666666666
v -0.005080188224503896 -0.065698128735505 -0.035416666666666666
v -0.004310497591775227 -0.06968453916107138 -0.035416666666666666
v -0.003499294510880088 -0.07299984938107265 -0.035416666666666666
v -0.002654391310936204 -0.07561213114575731 -0.035416666666666666
v -0.0017839248716301208 -0.07749622675371289 -0.035416666666666666
v -0.0008962782606176993 -0.07863399133428342 -0.035416666666666666
v -1.679743409142997e-18 -0.07901446759259259 -0.035416666666666666
v 0.0008962782606176961 -0.07863399133428342 -0.035416666666666666
v 0.0017839248716301176 -0.0774962267537129 -0.035416666666666666
v 0.0026543913109362007 -0.07561213114575731 -0.035416666666666666
v 0.0034992945108800848 -0.07299984938107267 -0.035416666666666666
v 0.004310497591775224 -0.0696845391610714 -0.035416666666666666
v 0.005080188224503893 -0.06569812873550501 -0.035416666666666666
v 0.005800953867517224 -0.06107900941596529 -0.035416666666666666
v 0.006465853153662404 -0.05587166584656694 -0.035416666666666666
v 0.00706848273934294 -0.0501262475925068 -0.035416666666666666
v 0.007603038972217892 -0.043898086172336474 -0.035416666666666666
v 0.0080643737835465 -0.037247162185191716 -0.035416666666666666
v 0.00844804426690442 -0.030237527664833532 -0.035416666666666666
v 0.008750355465801291 -0.022936689223548926 -0.035416666666666666
v 0.008968395958131621 -0.01541495792657186 -0.035416666666666666
v 0.009100065894761217 -0.00774477215808866 -0.035416666666666666
v 0.008477777777777779 0.0 -0.028333333333333335
v 0.008436954960565402 0.008962759917024155 -0.028333333333333335
v 0.008314879654974053 0.017839203556504403 -0.028333333333333335
v 0.008112727512929727 0.02654384591383489 -0.028333333333333335
v 0.007832445370067909 0.03499285652467297 -0.028333333333333335
v 0.007476732496642166 0.04310486679813724 -0.028333333333333335
v 0.007049014602076023 0.05080175364081836 -0.028333333333333335
v 0.006553410843508537 0.05800939182487497 -0.028333333333333335
v 0.005994694156059286 0.06465836785449877 -0.028333333333333335
v 0.005378245286854016 0.07068464845582449 -0.028333333333333335
v 0.004710000975488407 0.07603019725236126 -0.028333333333333335
v 0.003996396779980403 0.0806435336870242 -0.028333333333333335
v 0.003244305098828484 0.08448022880804132 -0.028333333333333335
v 0.0024609689860572753 0.0875033331440463 -0.028333333333333335
v 0.0016539323966478434 0.08968373254768651 -0.028333333333333335
v 0.0008309675341272763 0.09100042858077728 -0.028333333333333335
v 5.191141709719058e-19 0.09144074074074074 -0.028333333333333335
v -0.0008309675341272753 0.09100042858077728 -0.028333333333333335
v -0.0016539323966478423 0.08968373254768651 -0.028333333333333335
v -0.002460968986057274 0.08750333314404632 -0.028333333333333335
v -0.003244305098828483 0.08448022880804132 -0.028333333333333335
v -0.0039963967799804025 0.08064353368702422 -0.028333333333333335
v -0.004710000975488403 0.07603019725236126 -0.028333333333333335
v -0.005378245286854016 0.0706846484558245 -0.028333333333333335
v -0.005994694156059285 0.06465836785449877 -0.028333333333333335
v -0.006553410843508537 0.05800939182487497 -0.028333333333333335
v -0.007049014602076025 0.05080175364081836 -0.028333333333333335
v -0.007476732496642164 0.04310486679813726 -0.028333333333333335
v -0.007832445370067909 0.03499285652467298 -0.028333333333333335
v -0.008112727512929727 0.026543845913834897 -0.028333333333333335
v -0.008314879654974053 0.01783920355650444 -0.028333333333333335
v -0.008436954960565402 0.008962759917024176 -0.028333333333333335
v -0.008477777777777779 1.1198261045981114e-17 -0.028333333333333335
v -0.008436954960565402 -0.008962759917024153 -0.028333333333333335
v -0.008314879654974053 -0.01783920355650442 -0.028333333333333335
v -0.008112727512929727 -0.02654384591383487 -0.028333333333333335
v -0.00783244537006791 -0.03499285652467296 -0.028333333333333335
v -0.007476732496642166 -0.04310486679813724 -0.028333333333333335
v -0.007049014602076025 -0.05080175364081834 -0.028333333333333335
v -0.006553410843508538 -0.05800939182487495 -0.028333333333333335
v -0.005994694156059287 -0.06465836785449877 -0.028333333333333335
v -0.005378245286854019 -0.07068464845582446 -0.028333333333333335
v -0.004710000975488406 -0.07603019725236126 -0.028333333333333335
v -0.003996396779980404 -0.0806435336870242 -0.028333333333333335
v -0.003244305098828488 -0.0844802288080413 -0.028333333333333335
v -0.002460968986057276 -0.0875033331440463 -0.028333333333333335
v -0.0016539323966478464 -0.0896837325476865 -0.028333333333333335
v -0.0008309675341272735 -0.09100042858077728 -0.028333333333333335
v -1.5573425129157177e-18 -0.09144074074074074 -0.028333333333333335
v 0.0008309675341272706 -0.09100042858077728 -0.028333333333333335
v 0.0016539323966478431 -0.08968373254768651 -0.028333333333333335
v 0.0024609689860572727 -0.08750333314404632 -0.028333333333333335
v 0.003244305098828485 -0.08448022880804132 -0.028333333333333335
v 0.003996396779980402 -0.08064353368702422 -0.028333333333333335
v 0.004710000975488402 -0.07603019725236128 -0.028333333333333335
v 0.005378245286854017 -0.07068464845582449 -0.028333333333333335
v 0.005994694156059285 -0.06465836785449879 -0.028333333333333335
v 0.006553410843508534 -0.05800939182487502 -0.028333333333333335
v 0.007049014602076023 -0.05080175364081836 -0.028333333333333335
v 0.007476732496642164 -0.04310486679813727 -0.028333333333333335
v 0.007832445370067907 -0.034992856524673016 -0.028333333333333335
v 0.008112727512929727 -0.0265438459138349 -0.028333333333333335
v 0.008314879654974053 -0.01783920355650445 -0.028333333333333335
v 0.008436954960565402 -0.008962759917024143 -0.028333333333333335
v 0.007890625 0.0 -0.02125
v 0.007852629483897804 0.010036036259056417 -0.02125
v 0.007739008853181741 0.01997542000268263 -0.02125
v 0.007550857336636961 0.029722429532007683 -0.02125
v 0.007289986936221872 0.03918319581700677 -0.02125
v 0.006958909976498739 0.04826660650657441 -0.02125
v 0.006560814909574771 0.05688518339027271 -0.02125
v 0.006099535608565347 0.06495592486131826 -0.02125
v 0.005579514445300102 0.07240110526742885 -0.02125
v 0.0050057595078537645 0.07914902345134399 -0.02125
v 0.004383796369920299 0.0851346932721653 -0.02125
v 0.003719614876517639 0.09030046945741829 -0.02125
v 0.0030196114585057873 0.09459660275853847 -0.02125
v 0.0022905275314609916 0.0979817190633307 -0.02125
v 0.0015393845721585126 0.10042321785128702 -0.02125
v 0.0007734164979129404 0.10189758615442039 -0.02125
v 4.831614324761041e-19 0.102390625 -0.02125
v -0.0007734164979129395 0.10189758615442042 -0.02125
v -0.0015393845721585113 0.10042321785128702 -0.02125
v -0.0022905275314609908 0.09798171906333071 -0.02125
v -0.003019611458505786 0.09459660275853847 -0.02125
v -0.003719614876517638 0.0903004694574183 -0.02125
v -0.004383796369920296 0.0851346932721653 -0.02125
v -0.005005759507853764 0.07914902345134399 -0.02125
v -0.0055795144453001004 0.07240110526742885 -0.02125
v -0.006099535608565347 0.06495592486131826 -0.02125
v -0.006560814909574771 0.05688518339027271 -0.02125
v -0.006958909976498738 0.04826660650657444 -0.02125
v -0.007289986936221872 0.039183195817006786 -0.02125
v -0.007550857336636961 0.02972242953200769 -0.02125
v -0.007739008853181741 0.019975420002682667 -0.02125
v -0.007852629483897802 0.01003603625905644 -0.02125
v -0.007890625 1.2539235116894697e-17 -0.02125
v -0.007852629483897804 -0.010036036259056415 -0.02125
v -0.007739008853181741 -0.019975420002682643 -0.02125
v -0.007550857336636962 -0.02972242953200766 -0.02125
v -0.007289986936221873 -0.03918319581700676 -0.02125
v -0.006958909976498739 -0.04826660650657441 -0.02125
v -0.006560814909574771 -0.05688518339027268 -0.02125
v -0.006099535608565347 -0.06495592486131824 -0.02125
v -0.005579514445300102 -0.07240110526742885 -0.02125
v -0.005005759507853767 -0.07914902345134396 -0.02125
v -0.004383796369920298 -0.0851346932721653 -0.02125
v -0.0037196148765176397 -0.09030046945741829 -0.02125
v -0.003019611458505791 -0.09459660275853844 -0.02125
v -0.0022905275314609925 -0.0979817190633307 -0.02125
v -0.0015393845721585154 -0.10042321785128701 -0.02125
v -0.0007734164979129378 -0.10189758615442042 -0.02125
v -1.4494842974283126e-18 -0.102390625 -0.02125
v 0.0007734164979129351 -0.10189758615442042 -0.02125
v 0.0015393845721585122 -0.10042321785128702 -0.02125
v 0.00229052753146099 -0.09798171906333071 -0.02125
v 0.003019611458505788 -0.09459660275853846 -0.02125
v 0.003719614876517637 -0.0903004694574183 -0.02125
v 0.0043837963699202955 -0.0851346932721653 -0.02125
v 0.005005759507853765 -0.07914902345134399 -0.02125
v 0.0055795144453001004 -0.07240110526742886 -0.02125
v 0.006099535608565344 -0.06495592486131832 -0.02125
v 0.006560814909574771 -0.05688518339027271 -0.02125
v 0.006958909976498737 -0.048266606506574446 -0.02125
v 0.007289986936221871 -0.039183195817006834 -0.02125
v 0.007550857336636961 -0.029722429532007696 -0.02125
v 0.007739008853181738 -0.01997542000268268 -0.02125
v 0.007852629483897804 -0.010036036259056406 -0.02125
v 0.0074222222222222215 0.0 -0.014166666666666664
v 0.007386482193522528 0.010892245475733841 -0.014166666666666664
v 0.007279606303437309 0.021679592673229303 -0.014166666666666664
v 0.007102623825212394 0.032258153542010705 -0.014166666666666664
v 0.00685723919686155 0.04252605075808206 -0.014166666666666664
v 0.006545815606496679 0.05238439885824902 -0.014166666666666664
v 0.006171352233534447 0.06173825656118573 -0.014166666666666664
v 0.005737455364958981 0.07049754110387416 -0.014166666666666664
v 0.005248303664806819 0.07857789578785619 -0.014166666666666664
v 0.004708607931347945 0.08590150238035393 -0.014166666666666664
v 0.004123565729523269 0.092397830546391 -0.014166666666666664
v 0.0034988113355529614 0.09800431709447424 -0.014166666666666664
v 0.0028403614757764447 0.10266696849432833 -0.014166666666666664
v 0.002154557382288676 0.10634088086410814 -0.014166666666666664
v 0.0014480037234085967 0.10899067241932789 -0.014166666666666664
v 0.0007275049971127398 0.1105908242187874 -0.014166666666666664
v 4.5448003435024e-19 0.11112592592592595 -0.014166666666666664
v -0.000727504997112739 0.11059082421878742 -0.014166666666666664
v -0.0014480037234085958 0.10899067241932789 -0.014166666666666664
v -0.0021545573822886748 0.10634088086410816 -0.014166666666666664
v -0.002840361475776444 0.10266696849432833 -0.014166666666666664
v -0.00349881133555296 0.09800431709447426 -0.014166666666666664
v -0.004123565729523267 0.092397830546391 -0.014166666666666664
v -0.004708607931347945 0.08590150238035395 -0.014166666666666664
v -0.005248303664806817 0.07857789578785619 -0.014166666666666664
v -0.005737455364958981 0.07049754110387416 -0.014166666666666664
v -0.006171352233534448 0.06173825656118573 -0.014166666666666664
v -0.0065458156064966775 0.05238439885824904 -0.014166666666666664
v -0.00685723919686155 0.04252605075808207 -0.014166666666666664
v -0.007102623825212394 0.03225815354201071 -0.014166666666666664
v -0.007279606303437309 0.021679592673229345 -0.014166666666666664
v -0.007386482193522526 0.010892245475733864 -0.014166666666666664
v -0.0074222222222222215 1.360900094874711e-17 -0.014166666666666664
v -0.007386482193522528 -0.010892245475733838 -0.014166666666666664
v -0.007279606303437309 -0.02167959267322932 -0.014166666666666664
v -0.007102623825212395 -0.03225815354201068 -0.014166666666666664
v -0.006857239196861551 -0.042526050758082044 -0.014166666666666664
v -0.006545815606496679 -0.05238439885824902 -0.014166666666666664
v -0.006171352233534448 -0.0617382565611857 -0.014166666666666664
v -0.005737455364958982 -0.07049754110387413 -0.014166666666666664
v -0.005248303664806819 -0.07857789578785619 -0.014166666666666664
v -0.0047086079313479485 -0.08590150238035389 -0.014166666666666664
v -0.004123565729523269 -0.092397830546391 -0.014166666666666664
v -0.0034988113355529623 -0.09800431709447424 -0.014166666666666664
v -0.0028403614757764478 -0.1026669684943283 -0.014166666666666664
v -0.002154557382288677 -0.10634088086410814 -0.014166666666666664
v -0.0014480037234085993 -0.10899067241932787 -0.014166666666666664
v -0.0007275049971127376 -0.11059082421878742 -0.014166666666666664
v -1.3634401030507196e-18 -0.11112592592592595 -0.014166666666666664
v 0.0007275049971127348 -0.11059082421878742 -0.014166666666666664
v 0.0014480037234085965 -0.10899067241932789 -0.014166666666666664
v 0.0021545573822886735 -0.10634088086410816 -0.014166666666666664
v 0.0028403614757764456 -0.10266696849432831 -0.014166666666666664
v 0.0034988113355529597 -0.09800431709447426 -0.014166666666666664
v 0.0041235657295232665 -0.09239783054639102 -0.014166666666666664
v 0.004708607931347947 -0.08590150238035393 -0.014166666666666664
v 0.005248303664806817 -0.07857789578785622 -0.014166666666666664
v 0.005737455364958979 -0.07049754110387421 -0.014166666666666664
v 0.006171352233534447 -0.06173825656118573 -0.014166666666666664
v 0.006545815606496677 -0.05238439885824905 -0.014166666666666664
v 0.006857239196861548 -0.04252605075808212 -0.014166666666666664
v 0.007102623825212394 -0.03225815354201071 -0.014166666666666664
v 0.007279606303437308 -0.02167959267322936 -0.014166666666666664
v 0.007386482193522528 -0.010892245475733829 -0.014166666666666664
v 0.007112152777777778 0.0 -0.0070833333333333364
v 0.007077905818203683 0.01145903185860481 -0.0070833333333333364
v 0.006975494756423391 0.02280770697626724 -0.0070833333333333364
v 0.006805905866945429 0.03393673140778734 -0.0070833333333333364
v 0.0065707723834821825 0.04473892656414597 -0.0070833333333333364
v 0.006272358770016443 0.05511026140090684 -0.0070833333333333364
v 0.005913538912775359 0.06495085429404363 -0.0070833333333333364
v 0.00549776844313505 0.07416593495458015 -0.0070833333333333364
v 0.005029051458001407 0.08266675711827993 -0.0070833333333333364
v 0.004511901958168038 0.09037145322068445 -0.0070833333333333364
v 0.003951300376021012 0.09720582282651223 -0.0070833333333333364
v 0.0033526456112524003 0.10310404722041268 -0.0070833333333333364
v 0.0027217030365049083 0.10800932327717513 -0.0070833333333333364
v 0.00206454897368165 0.11187441050687628 -0.0070833333333333364
v 0.0013875121756445682 0.11466208600662253 -0.0070833333333333364
v 0.0006971128768647199 0.11634550293745285 -0.0070833333333333364
v 4.354937567176256e-19 0.11690844907407406 -0.0070833333333333364
v -0.000697112876864719 0.11634550293745287 -0.0070833333333333364
v -0.0013875121756445673 0.11466208600662253 -0.0070833333333333364
v -0.002064548973681649 0.1118744105068763 -0.0070833333333333364
v -0.0027217030365049074 0.10800932327717513 -0.0070833333333333364
v -0.0033526456112523994 0.10310404722041269 -0.0070833333333333364
v -0.003951300376021009 0.09720582282651223 -0.0070833333333333364
v -0.0045119019581680376 0.09037145322068446 -0.0070833333333333364
v -0.005029051458001406 0.08266675711827995 -0.0070833333333333364
v -0.00549776844313505 0.07416593495458015 -0.0070833333333333364
v -0.00591353891277536 0.06495085429404363 -0.0070833333333333364
v -0.0062723587700164425 0.05511026140090687 -0.0070833333333333364
v -0.0065707723834821825 0.044738926564145985 -0.0070833333333333364
v -0.006805905866945429 0.03393673140778735 -0.0070833333333333364
v -0.006975494756423391 0.022807706976267283 -0.0070833333333333364
v -0.0070779058182036825 0.011459031858604835 -0.0070833333333333364
v -0.007112152777777778 1.431715579518462e-17 -0.0070833333333333364
v -0.007077905818203683 -0.011459031858604807 -0.0070833333333333364
v -0.006975494756423391 -0.022807706976267255 -0.0070833333333333364
v -0.00680590586694543 -0.033936731407787316 -0.0070833333333333364
v -0.006570772383482183 -0.04473892656414596 -0.0070833333333333364
v -0.006272358770016443 -0.05511026140090684 -0.0070833333333333364
v -0.00591353891277536 -0.06495085429404361 -0.0070833333333333364
v -0.0054977684431350505 -0.07416593495458013 -0.0070833333333333364
v -0.005029051458001408 -0.08266675711827993 -0.0070833333333333364
v -0.004511901958168041 -0.0903714532206844 -0.0070833333333333364
v -0.003951300376021011 -0.09720582282651223 -0.0070833333333333364
v -0.003352645611252401 -0.10310404722041268 -0.0070833333333333364
v -0.0027217030365049113 -0.10800932327717509 -0.0070833333333333364
v -0.0020645489736816507 -0.11187441050687628 -0.0070833333333333364
v -0.0013875121756445708 -0.11466208600662252 -0.0070833333333333364
v -0.0006971128768647176 -0.11634550293745287 -0.0070833333333333364
v -1.3064812701528767e-18 -0.11690844907407406 -0.0070833333333333364
v 0.000697112876864715 -0.11634550293745287 -0.0070833333333333364
v 0.001387512175644568 -0.11466208600662253 -0.0070833333333333364
v 0.002064548973681648 -0.1118744105068763 -0.0070833333333333364
v 0.002721703036504909 -0.1080093232771751 -0.0070833333333333364
v 0.003352645611252399 -0.10310404722041269 -0.0070833333333333364
v 0.003951300376021009 -0.09720582282651224 -0.0070833333333333364
v 0.004511901958168039 -0.09037145322068445 -0.0070833333333333364
v 0.005029051458001406 -0.08266675711827996 -0.0070833333333333364
v 0.005497768443135047 -0.07416593495458021 -0.0070833333333333364
v 0.005913538912775359 -0.06495085429404363 -0.0070833333333333364
v 0.006272358770016442 -0.05511026140090688 -0.0070833333333333364
v 0.006570772383482182 -0.04473892656414604 -0.0070833333333333364
v 0.006805905866945429 -0.03393673140778736 -0.0070833333333333364
v 0.0069754947564233906 -0.022807706976267297 -0.0070833333333333364
v 0.007077905818203683 -0.011459031858604796 -0.0070833333333333364
v 0.007 0.0 -0.0
v 0.006966293086705378 0.011664039699217714 -0.0
v 0.006865496962822613 0.02321574831991926 -0.0
v 0.006698582350125462 0.03454387659328102 -0.0
v 0.0064671567275790065 0.04553932845144568 -0.0
v 0.006173448850438485 0.05609621168229372 -0.0
v 0.005820287286117817 0.06611285772933266 -0.0
v 0.005411073173539159 0.07549280081547381 -0.0
v 0.0049497474683058325 0.08414570696119915 -0.0
v 0.004440752989145518 0.0919882439501657 -0.0
v 0.0038889916311372163 0.0989448838640029 -0.0
v 0.0032997771577819844 0.10494863045745424 -0.0
v 0.0026787840265556292 0.10994166436884312 -0.0
v 0.002031992740781236 0.11387589995213286 -0.0
v 0.0013656322541128981 0.11671344836798443 -0.0
v 0.0006861199823069254 0.11842698247399142 -0.0
v 4.286263797015736e-19 0.119 -0.0
v -0.0006861199823069245 0.11842698247399144 -0.0
v -0.0013656322541128973 0.11671344836798443 -0.0
v -0.0020319927407812352 0.11387589995213288 -0.0
v -0.0026787840265556284 0.10994166436884312 -0.0
v -0.0032997771577819835 0.10494863045745424 -0.0
v -0.0038889916311372133 0.0989448838640029 -0.0
v -0.004440752989145517 0.09198824395016571 -0.0
v -0.004949747468305832 0.08414570696119915 -0.0
v -0.005411073173539159 0.07549280081547381 -0.0
v -0.005820287286117818 0.06611285772933266 -0.0
v -0.006173448850438484 0.05609621168229375 -0.0
v -0.0064671567275790065 0.0455393284514457 -0.0
v -0.006698582350125462 0.03454387659328103 -0.0
v -0.006865496962822613 0.023215748319919304 -0.0
v -0.006966293086705377 0.011664039699217739 -0.0
v -0.007 1.4573296909853505e-17 -0.0
v -0.006966293086705378 -0.01166403969921771 -0.0
v -0.006865496962822613 -0.023215748319919273 -0.0
v -0.006698582350125463 -0.034543876593280995 -0.0
v -0.006467156727579007 -0.04553932845144567 -0.0
v -0.006173448850438485 -0.05609621168229372 -0.0
v -0.005820287286117818 -0.06611285772933263 -0.0
v -0.00541107317353916 -0.07549280081547378 -0.0
v -0.004949747468305833 -0.08414570696119915 -0.0
v -0.004440752989145521 -0.09198824395016567 -0.0
v -0.003888991631137215 -0.0989448838640029 -0.0
v -0.0032997771577819852 -0.10494863045745424 -0.0
v -0.0026787840265556323 -0.10994166436884309 -0.0
v -0.002031992740781237 -0.11387589995213286 -0.0
v -0.0013656322541129007 -0.11671344836798442 -0.0
v -0.0006861199823069232 -0.11842698247399144 -0.0
v -1.285879139104721e-18 -0.119 -0.0
v 0.0006861199823069206 -0.11842698247399144 -0.0
v 0.001365632254112898 -0.11671344836798443 -0.0
v 0.0020319927407812344 -0.11387589995213288 -0.0
v 0.00267878402655563 -0.1099416643688431 -0.0
v 0.003299777157781983 -0.10494863045745424 -0.0
v 0.003888991631137213 -0.09894488386400291 -0.0
v 0.004440752989145519 -0.0919882439501657 -0.0
v 0.004949747468305832 -0.08414570696119918 -0.0
v 0.005411073173539157 -0.07549280081547387 -0.0
v 0.005820287286117817 -0.06611285772933266 -0.0
v 0.006173448850438483 -0.056096211682293756 -0.0
v 0.006467156727579006 -0.04553932845144575 -0.0
v 0.006698582350125462 -0.03454387659328104 -0.0
v 0.006865496962822612 -0.02321574831991932 -0.0
v 0.006966293086705378 -0.0116640396992177 -0.0
v 0.007016445400425895 0.0 0.011666666666666665
v 0.006983368658958462 0.011663988606972056 0.011666666666666665
v 0.00688393204728189 0.023215856870085497 0.011666666666666665
v 0.006717505476642252 0.03454422495562708 0.011666666666666665
v 0.00648419246769749 0.04553945152596339 0.011666666666666665
v 0.006187498369147674 0.056095585244231576 0.011666666666666665
v 0.005831852682387915 0.06611138074499055 0.011666666666666665
v 0.005420938763099988 0.07549063555199655 0.011666666666666665
v 0.00495851679907264 0.08414312564941544 0.011666666666666665
v 0.004448849469257112 0.09198560556898482 0.011666666666666665
v 0.003896719381863967 0.09894267340072514 0.011666666666666665
v 0.0033072867819867948 0.10494745847427184 0.011666666666666665
v 0.0026858404611577683 0.10994196149701296 0.011666666666666665
v 0.0020377330084535867 0.11387704834888444 0.011666666666666665
v 0.001369299220405537 0.11671399408652203 0.011666666666666665
v 0.0006878017793812584 0.11842646372571577 0.011666666666666665
v 4.2963337005118703e-19 0.1189990097988158 0.011666666666666665
v -0.0006878017793812573 0.11842646372571579 0.011666666666666665
v -0.001369299220405536 0.11671399408652203 0.011666666666666665
v -0.002037733008453586 0.11387704834888446 0.011666666666666665
v -0.0026858404611577675 0.10994196149701296 0.011666666666666665
v -0.0033072867819867935 0.10494745847427185 0.011666666666666665
v -0.0038967193818639644 0.09894267340072514 0.011666666666666665
v -0.004448849469257111 0.09198560556898483 0.011666666666666665
v -0.004958516799072639 0.08414312564941545 0.011666666666666665
v -0.005420938763099988 0.07549063555199655 0.011666666666666665
v -0.0058318526823879155 0.06611138074499055 0.011666666666666665
v -0.006187498369147673 0.05609558524423161 0.011666666666666665
v -0.00648419246769749 0.045539451525963406 0.011666666666666665
v -0.006717505476642252 0.03454422495562709 0.011666666666666665
v -0.00688393204728189 0.02321585687008554 0.011666666666666665
v -0.006983368658958461 0.011663988606972084 0.011666666666666665
v -0.007016445400425895 1.457317564518243e-17 0.011666666666666665
v -0.006983368658958462 -0.011663988606972054 0.011666666666666665
v -0.00688393204728189 -0.02321585687008551 0.011666666666666665
v -0.006717505476642253 -0.03454422495562705 0.011666666666666665
v -0.006484192467697491 -0.04553945152596338 0.011666666666666665
v -0.006187498369147674 -0.056095585244231576 0.011666666666666665
v -0.0058318526823879155 -0.06611138074499052 0.011666666666666665
v -0.005420938763099989 -0.07549063555199652 0.011666666666666665
v -0.004958516799072641 -0.08414312564941544 0.011666666666666665
v -0.0044488494692571144 -0.09198560556898477 0.011666666666666665
v -0.003896719381863966 -0.09894267340072514 0.011666666666666665
v -0.003307286781986795 -0.10494745847427184 0.011666666666666665
v -0.0026858404611577714 -0.10994196149701294 0.011666666666666665
v -0.0020377330084535876 -0.11387704834888444 0.011666666666666665
v -0.0013692992204055393 -0.11671399408652201 0.011666666666666665
v -0.000687801779381256 -0.11842646372571579 0.011666666666666665
v -1.2889001101535612e-18 -0.1189990097988158 0.011666666666666665
v 0.0006878017793812534 -0.11842646372571579 0.011666666666666665
v 0.0013692992204055367 -0.11671399408652203 0.011666666666666665
v 0.0020377330084535845 -0.11387704834888446 0.011666666666666665
v 0.002685840461157769 -0.10994196149701295 0.011666666666666665
v 0.003307286781986793 -0.10494745847427185 0.011666666666666665
v 0.003896719381863964 -0.09894267340072516 0.011666666666666665
v 0.004448849469257113 -0.09198560556898482 0.011666666666666665
v 0.004958516799072639 -0.08414312564941547 0.011666666666666665
v 0.005420938763099985 -0.0754906355519966 0.011666666666666665
v 0.005831852682387915 -0.06611138074499055 0.011666666666666665
v 0.006187498369147672 -0.05609558524423162 0.011666666666666665
v 0.006484192467697489 -0.04553945152596346 0.011666666666666665
v 0.006717505476642252 -0.0345442249556271 0.011666666666666665
v 0.006883932047281889 -0.023215856870085552 0.011666666666666665
v 0.006983368658958462 -0.011663988606972044 0.011666666666666665
v 0.007212793947762869 0.0 0.02333333333333333
v 0.007187241092588067 0.011663378595178181 0.02333333333333333
v 0.007104036268515321 0.023217152896141496 0.02333333333333333
v 0.006943436637114029 0.03454838420008599 0.02333333333333333
v 0.006687589328731493 0.04554092096435597 0.02333333333333333
v 0.006355241477730732 0.0560881059369291 0.02333333333333333
v 0.0059699368091468185 0.06609374640818512 0.02333333333333333
v 0.005538728183164303 0.07546478356132719 0.02333333333333333
v 0.005063217524660874 0.08411230628315915 0.02333333333333333
v 0.004545516748087902 0.09195410482721074 0.02333333333333333
v 0.0039889842456000075 0.09891628175064135 0.02333333333333333
v 0.003396947341503442 0.10493346567449757 0.02333333333333333
v 0.0027700901995421677 0.10994550903510938 0.02333333333333333
v 0.0021062684767062584 0.11389075954034844 0.02333333333333333
v 0.0014130806721213347 0.11672050964949617 0.02333333333333333
v 0.0007078814614752784 0.11842027017203413 0.02333333333333333
v 4.416562510518599e-19 0.11898718737071699 0.02333333333333333
v -0.0007078814614752775 0.11842027017203414 0.02333333333333333
v -0.0014130806721213338 0.11672050964949617 0.02333333333333333
v -0.0021062684767062575 0.11389075954034845 0.02333333333333333
v -0.002770090199542167 0.10994550903510938 0.02333333333333333
v -0.003396947341503441 0.10493346567449759 0.02333333333333333
v -0.003988984245600004 0.09891628175064135 0.02333333333333333
v -0.004545516748087901 0.09195410482721075 0.02333333333333333
v -0.005063217524660873 0.08411230628315916 0.02333333333333333
v -0.005538728183164303 0.07546478356132719 0.02333333333333333
v -0.005969936809146819 0.06609374640818512 0.02333333333333333
v -0.006355241477730731 0.05608810593692913 0.02333333333333333
v -0.006687589328731493 0.04554092096435598 0.02333333333333333
v -0.006943436637114029 0.034548384200086 0.02333333333333333
v -0.007104036268515321 0.023217152896141537 0.02333333333333333
v -0.007187241092588066 0.011663378595178209 0.02333333333333333
v -0.007212793947762869 1.4571727815309496e-17 0.02333333333333333
v -0.007187241092588067 -0.01166337859517818 0.02333333333333333
v -0.007104036268515321 -0.02321715289614151 0.02333333333333333
v -0.00694343663711403 -0.03454838420008596 0.02333333333333333
v -0.006687589328731494 -0.045540920964355955 0.02333333333333333
v -0.006355241477730732 -0.0560881059369291 0.02333333333333333
v -0.005969936809146819 -0.06609374640818509 0.02333333333333333
v -0.005538728183164304 -0.07546478356132716 0.02333333333333333
v -0.005063217524660875 -0.08411230628315915 0.02333333333333333
v -0.0045455167480879044 -0.09195410482721071 0.02333333333333333
v -0.003988984245600007 -0.09891628175064135 0.02333333333333333
v -0.0033969473415034427 -0.10493346567449757 0.02333333333333333
v -0.002770090199542171 -0.10994550903510936 0.02333333333333333
v -0.0021062684767062592 -0.11389075954034844 0.02333333333333333
v -0.001413080672121337 -0.11672050964949615 0.02333333333333333
v -0.0007078814614752761 -0.11842027017203414 0.02333333333333333
v -1.3249687531555799e-18 -0.11898718737071699 0.02333333333333333
v 0.0007078814614752735 -0.11842027017203414 0.02333333333333333
v 0.0014130806721213344 -0.11672050964949617 0.02333333333333333
v 0.0021062684767062566 -0.11389075954034845 0.02333333333333333
v 0.0027700901995421686 -0.10994550903510937 0.02333333333333333
v 0.0033969473415034405 -0.10493346567449759 0.02333333333333333
v 0.003988984245600004 -0.09891628175064136 0.02333333333333333
v 0.004545516748087903 -0.09195410482721074 0.02333333333333333
v 0.005063217524660873 -0.08411230628315917 0.02333333333333333
v 0.0055387281831643 -0.07546478356132724 0.02333333333333333
v 0.0059699368091468185 -0.06609374640818512 0.02333333333333333
v 0.00635524147773073 -0.05608810593692914 0.02333333333333333
v 0.0066875893287314915 -0.04554092096435604 0.02333333333333333
v 0.006943436637114029 -0.034548384200086005 0.02333333333333333
v 0.00710403626851532 -0.02321715289614155 0.02333333333333333
v 0.007187241092588067 -0.01166337859517817 0.02333333333333333
v 0.007951453887495737 0.0 0.035
v 0.007954205766279233 0.011661083741047556 0.035
v 0.007932064654751412 0.023222028524412762 0.035
v 0.007793385870970335 0.034564031207935136 0.035
v 0.007452764906299618 0.04554644896692699 0.035
v 0.006986288236960984 0.056059968908383565 0.035
v 0.006489406976526001 0.06602740632908297 0.035
v 0.005981850004567726 0.07536752880630714 0.035
v 0.0054570998971149145 0.08399636434454927 0.035
v 0.004909177428667057 0.09183559956533861 0.035
v 0.00433608311447914 0.09881699680596136 0.035
v 0.00373424886161767 0.10488082499659013 0.035
v 0.0030870363013675516 0.10995885481388919 0.035
v 0.0023640977580311703 0.11394234081251887 0.035
v 0.0015777857586851134 0.11674502108805322 0.035
v 0.0007834208885124912 0.11839697012703117 0.035
v 4.868861275944718e-19 0.11894271159462699 0.035
v -0.0007834208885124901 0.11839697012703118 0.035
v -0.0015777857586851123 0.11674502108805322 0.035
v -0.002364097758031169 0.11394234081251889 0.035
v -0.0030870363013675507 0.10995885481388919 0.035
v -0.003734248861617669 0.10488082499659014 0.035
v -0.004336083114479136 0.09881699680596136 0.035
v -0.004909177428667057 0.09183559956533863 0.035
v -0.005457099897114914 0.08399636434454928 0.035
v -0.005981850004567726 0.07536752880630714 0.035
v -0.006489406976526002 0.06602740632908297 0.035
v -0.006986288236960983 0.05605996890838359 0.035
v -0.007452764906299618 0.04554644896692701 0.035
v -0.007793385870970335 0.03456403120793514 0.035
v -0.007932064654751412 0.023222028524412804 0.035
v -0.007954205766279233 0.011661083741047582 0.035
v -0.007951453887495737 1.4566281103626674e-17 0.035
v -0.007954205766279233 -0.011661083741047554 0.035
v -0.007932064654751412 -0.023222028524412776 0.035
v -0.0077933858709703365 -0.03456403120793511 0.035
v -0.007452764906299619 -0.04554644896692698 0.035
v -0.006986288236960984 -0.056059968908383565 0.035
v -0.006489406976526002 -0.06602740632908294 0.035
v -0.0059818500045677285 -0.07536752880630711 0.035
v -0.005457099897114915 -0.08399636434454927 0.035
v -0.004909177428667061 -0.09183559956533859 0.035
v -0.004336083114479138 -0.09881699680596136 0.035
v -0.003734248861617671 -0.10488082499659013 0.035
v -0.0030870363013675546 -0.10995885481388916 0.035
v -0.002364097758031171 -0.11394234081251887 0.035
v -0.0015777857586851162 -0.11674502108805321 0.035
v -0.0007834208885124885 -0.11839697012703118 0.035
v -1.4606583827834151e-18 -0.11894271159462699 0.035
v 0.0007834208885124855 -0.11839697012703118 0.035
v 0.0015777857586851132 -0.11674502108805322 0.035
v 0.002364097758031168 -0.11394234081251889 0.035
v 0.0030870363013675525 -0.10995885481388917 0.035
v 0.0037342488616176686 -0.10488082499659014 0.035
v 0.0043360831144791355 -0.09881699680596137 0.035
v 0.004909177428667059 -0.09183559956533861 0.035
v 0.005457099897114914 -0.0839963643445493 0.035
v 0.005981850004567723 -0.07536752880630719 0.035
v 0.006489406976526001 -0.06602740632908297 0.035
v 0.006986288236960982 -0.0560599689083836 0.035
v 0.007452764906299616 -0.04554644896692707 0.035
v 0.007793385870970335 -0.03456403120793515 0.035
v 0.00793206465475141 -0.023222028524412817 0.035
v 0.007954205766279233 -0.011661083741047544 0.035
v 0.009753430322876623 0.0 0.04666666666666666
v 0.009825232194571636 0.011655485396202264 0.04666666666666666
v 0.009952057292180079 0.023233922721972295 0.04666666666666666
v 0.009866854876522453 0.03460220241218182 0.04666666666666666
v 0.009319426797027526 0.04555993464529114 0.04666666666666666
v 0.00852574005854972 0.05599132803634844 0.04666666666666666
v 0.0077566653591034755 0.06586556831292273 0.04666666666666666
v 0.007062854993765863 0.07513027378901427 0.04666666666666666
v 0.006417984216536351 0.08371352155044441 0.04666666666666666
v 0.005796335296081933 0.09154650349030383 0.04666666666666666
v 0.005182838094441571 0.0985747890983576 0.04666666666666666
v 0.00455710300351658 0.1047524069573419 0.04666666666666666
v 0.003860232972872056 0.10999141212149373 0.04666666666666666
v 0.0029930777044280196 0.11406817440922336 0.04666666666666666
v 0.001979587276285529 0.11680481725717141 0.04666666666666666
v 0.0009677009071533529 0.11834012917792834 0.04666666666666666
v 5.972253612808797e-19 0.11883421200483141 0.04666666666666666
v -0.0009677009071533516 0.11834012917792835 0.04666666666666666
v -0.0019795872762855275 0.11680481725717141 0.04666666666666666
v -0.0029930777044280183 0.11406817440922337 0.04666666666666666
v -0.0038602329728720545 0.10999141212149373 0.04666666666666666
v -0.004557103003516579 0.10475240695734192 0.04666666666666666
v -0.005182838094441568 0.0985747890983576 0.04666666666666666
v -0.005796335296081932 0.09154650349030384 0.04666666666666666
v -0.0064179842165363495 0.08371352155044443 0.04666666666666666
v -0.007062854993765863 0.07513027378901427 0.04666666666666666
v -0.007756665359103477 0.06586556831292273 0.04666666666666666
v -0.00852574005854972 0.055991328036348466 0.04666666666666666
v -0.009319426797027526 0.04555993464529116 0.04666666666666666
v -0.009866854876522453 0.03460220241218183 0.04666666666666666
v -0.009952057292180079 0.023233922721972337 0.04666666666666666
v -0.009825232194571636 0.011655485396202292 0.04666666666666666
v -0.009753430322876623 1.4552993736091477e-17 0.04666666666666666
v -0.009825232194571636 -0.011655485396202262 0.04666666666666666
v -0.009952057292180079 -0.02323392272197231 0.04666666666666666
v -0.009866854876522457 -0.034602202412181794 0.04666666666666666
v -0.009319426797027528 -0.04555993464529113 0.04666666666666666
v -0.00852574005854972 -0.05599132803634844 0.04666666666666666
v -0.007756665359103477 -0.0658655683129227 0.04666666666666666
v -0.007062854993765865 -0.07513027378901424 0.04666666666666666
v -0.006417984216536352 -0.08371352155044441 0.04666666666666666
v -0.0057963352960819356 -0.09154650349030378 0.04666666666666666
v -0.0051828380944415695 -0.0985747890983576 0.04666666666666666
v -0.004557103003516581 -0.1047524069573419 0.04666666666666666
v -0.0038602329728720593 -0.1099914121214937 0.04666666666666666
v -0.002993077704428021 -0.11406817440922336 0.04666666666666666
v -0.0019795872762855323 -0.11680481725717139 0.04666666666666666
v -0.0009677009071533496 -0.11834012917792835 0.04666666666666666
v -1.791676083842639e-18 -0.11883421200483141 0.04666666666666666
v 0.0009677009071533462 -0.11834012917792835 0.04666666666666666
v 0.001979587276285529 -0.11680481725717141 0.04666666666666666
v 0.0029930777044280166 -0.11406817440922337 0.04666666666666666
v 0.0038602329728720567 -0.10999141212149371 0.04666666666666666
v 0.004557103003516578 -0.10475240695734192 0.04666666666666666
v 0.005182838094441568 -0.09857478909835761 0.04666666666666666
v 0.005796335296081934 -0.09154650349030383 0.04666666666666666
v 0.0064179842165363495 -0.08371352155044444 0.04666666666666666
v 0.00706285499376586 -0.07513027378901432 0.04666666666666666
v 0.0077566653591034755 -0.06586556831292273 0.04666666666666666
v 0.008525740058549718 -0.05599132803634847 0.04666666666666666
v 0.00931942679702752 -0.04555993464529121 0.04666666666666666
v 0.009866854876522453 -0.034602202412181836 0.04666666666666666
v 0.009952057292180077 -0.02323392272197235 0.04666666666666666
v 0.009825232194571636 -0.011655485396202252 0.04666666666666666
v 0.013278135869104122 0.0 0.058333333333333334
v 0.013485001045847718 0.011644534910536386 0.058333333333333334
v 0.013903207325381596 0.023257188034039013 0.058333333333333334
v 0.013922605862109342 0.03467686612735191 0.058333333333333334
v 0.012970658516819392 0.04558631292881998 0.058333333333333334
v 0.011536941685366177 0.05585706498073361 0.058333333333333334
v 0.01023545063169223 0.06554900959331336 0.058333333333333334
v 0.009177324531832214 0.07466619775621881 0.058333333333333334
v 0.008297495082188652 0.08316027482339654 0.058333333333333334
v 0.007531635599826262 0.09098102520820166 0.058333333333333334
v 0.0068391094615743424 0.09810102549436821 0.058333333333333334
v 0.006166623805643118 0.10450121844772181 0.058333333333333334
v 0.005372622670576688 0.11005509493134116 0.058333333333333334
v 0.004223376315443012 0.11431430769237713 0.058333333333333334
v 0.002765519883261858 0.11692177987932106 0.058333333333333334
v 0.0013281566772783714 0.11822894703113561 0.058333333333333334
v 8.130513295371012e-19 0.11862198442049286 0.058333333333333334
v -0.0013281566772783697 0.11822894703113562 0.058333333333333334
v -0.002765519883261855 0.11692177987932106 0.058333333333333334
v -0.00422337631544301 0.11431430769237715 0.058333333333333334
v -0.005372622670576686 0.11005509493134116 0.058333333333333334
v -0.006166623805643116 0.10450121844772182 0.058333333333333334
v -0.006839109461574338 0.09810102549436821 0.058333333333333334
v -0.007531635599826261 0.09098102520820167 0.058333333333333334
v -0.00829749508218865 0.08316027482339655 0.058333333333333334
v -0.009177324531832214 0.07466619775621881 0.058333333333333334
v -0.010235450631692232 0.06554900959331336 0.058333333333333334
v -0.011536941685366174 0.05585706498073364 0.058333333333333334
v -0.012970658516819392 0.04558631292882 0.058333333333333334
v -0.013922605862109342 0.034676866127351914 0.058333333333333334
v -0.013903207325381597 0.023257188034039058 0.058333333333333334
v -0.013485001045847718 0.011644534910536413 0.058333333333333334
v -0.013278135869104122 1.452700335290638e-17 0.058333333333333334
v -0.013485001045847718 -0.011644534910536384 0.058333333333333334
v -0.013903207325381597 -0.02325718803403903 0.058333333333333334
v -0.013922605862109345 -0.03467686612735188 0.058333333333333334
v -0.012970658516819396 -0.04558631292881997 0.058333333333333334
v -0.011536941685366177 -0.05585706498073361 0.058333333333333334
v -0.010235450631692232 -0.06554900959331333 0.058333333333333334
v -0.009177324531832216 -0.07466619775621877 0.058333333333333334
v -0.008297495082188654 -0.08316027482339654 0.058333333333333334
v -0.007531635599826265 -0.09098102520820163 0.058333333333333334
v -0.006839109461574342 -0.09810102549436821 0.058333333333333334
v -0.006166623805643118 -0.10450121844772181 0.058333333333333334
v -0.005372622670576692 -0.11005509493134114 0.058333333333333334
v -0.004223376315443014 -0.11431430769237713 0.058333333333333334
v -0.0027655198832618622 -0.11692177987932105 0.058333333333333334
v -0.0013281566772783667 -0.11822894703113562 0.058333333333333334
v -2.4391539886113035e-18 -0.11862198442049286 0.058333333333333334
v 0.0013281566772783621 -0.11822894703113562 0.058333333333333334
v 0.002765519883261857 -0.11692177987932106 0.058333333333333334
v 0.0042233763154430086 -0.11431430769237715 0.058333333333333334
v 0.0053726226705766884 -0.11005509493134115 0.058333333333333334
v 0.006166623805643116 -0.10450121844772182 0.058333333333333334
v 0.006839109461574338 -0.09810102549436822 0.058333333333333334
v 0.007531635599826263 -0.09098102520820166 0.058333333333333334
v 0.00829749508218865 -0.08316027482339657 0.058333333333333334
v 0.009177324531832209 -0.07466619775621887 0.058333333333333334
v 0.01023545063169223 -0.06554900959331336 0.058333333333333334
v 0.011536941685366174 -0.055857064980733645 0.058333333333333334
v 0.012970658516819384 -0.04558631292882005 0.058333333333333334
v 0.013922605862109342 -0.03467686612735192 0.058333333333333334
v 0.013903207325381596 -0.02325718803403907 0.058333333333333334
v 0.013485001045847718 -0.011644534910536374 0.058333333333333334
v 0.019311261726151094 0.0 0.07
v 0.019749310446410526 0.011625791314127675 0.07
v 0.020666264584418087 0.023297010525297108 0.07
v 0.020864705228984697 0.03480466562284677 0.07
v 0.019220355182211307 0.04563146379385967 0.07
v 0.016691119291768617 0.05562725119860283 0.07
v 0.01447830817709162 0.06500716614809476 0.07
v 0.012796594475586795 0.07387185363970367 0.07
v 0.011514593774107509 0.08221330007883906 0.07
v 0.010501893680949285 0.09001311410169789 0.07
v 0.00967409623714493 0.09729009947179154 0.07
v 0.00892158913293342 0.10407126710213947 0.07
v 0.007961331790099925 0.11016409876207285 0.07
v 0.006329239135657283 0.1147356061683489 0.07
v 0.004110775613380987 0.11712198106229771 0.07
v 0.0019451373012032795 0.1180386401031214 0.07
v 1.1824737430213863e-18 0.11825872124577974 0.07
v -0.0019451373012032774 0.11803864010312141 0.07
v -0.004110775613380984 0.11712198106229771 0.07
v -0.006329239135657279 0.11473560616834891 0.07
v -0.007961331790099923 0.11016409876207285 0.07
v -0.008921589132933418 0.10407126710213949 0.07
v -0.009674096237144924 0.09729009947179154 0.07
v -0.010501893680949283 0.09001311410169792 0.07
v -0.011514593774107507 0.08221330007883908 0.07
v -0.012796594475586795 0.07387185363970367 0.07
v -0.014478308177091623 0.06500716614809476 0.07
v -0.016691119291768614 0.05562725119860286 0.07
v -0.019220355182211307 0.04563146379385968 0.07
v -0.020864705228984697 0.03480466562284678 0.07
v -0.020666264584418087 0.02329701052529715 0.07
v -0.019749310446410526 0.011625791314127701 0.07
v -0.019311261726151094 1.4482516444490325e-17 0.07
v -0.019749310446410526 -0.011625791314127673 0.07
v -0.020666264584418087 -0.02329701052529712 0.07
v -0.020864705228984703 -0.03480466562284674 0.07
v -0.019220355182211313 -0.04563146379385965 0.07
v -0.016691119291768617 -0.05562725119860283 0.07
v -0.014478308177091625 -0.06500716614809474 0.07
v -0.0127965944755868 -0.07387185363970364 0.07
v -0.01151459377410751 -0.08221330007883906 0.07
v -0.010501893680949287 -0.09001311410169786 0.07
v -0.009674096237144927 -0.09729009947179154 0.07
v -0.00892158913293342 -0.10407126710213947 0.07
v -0.007961331790099932 -0.11016409876207281 0.07
v -0.006329239135657285 -0.1147356061683489 0.07
v -0.004110775613380994 -0.11712198106229771 0.07
v -0.0019451373012032728 -0.1180386401031214 0.07
v -3.547421229064159e-18 -0.11825872124577974 0.07
v 0.0019451373012032663 -0.1180386401031214 0.07
v 0.004110775613380986 -0.11712198106229771 0.07
v 0.006329239135657277 -0.11473560616834891 0.07
v 0.007961331790099927 -0.11016409876207282 0.07
v 0.008921589132933418 -0.10407126710213949 0.07
v 0.009674096237144924 -0.09729009947179156 0.07
v 0.010501893680949287 -0.09001311410169789 0.07
v 0.011514593774107506 -0.08221330007883909 0.07
v 0.01279659447558679 -0.07387185363970372 0.07
v 0.01447830817709162 -0.06500716614809476 0.07
v 0.01669111929176861 -0.055627251198602866 0.07
v 0.019220355182211293 -0.04563146379385974 0.07
v 0.020864705228984697 -0.03480466562284679 0.07
v 0.020666264584418087 -0.023297010525297163 0.07
v 0.019749310446410526 -0.011625791314127661 0.07
v 0.028756247617612165 0.0 0.08166666666666667
v 0.029556219055643946 0.011596447818263298 0.08166666666666667
v 0.03125397349490464 0.023359353476034028 0.08166666666666667
v 0.031732708338959956 0.03500473843095418 0.08166666666666667
v 0.029004387246052667 0.045702148426236266 0.08166666666666667
v 0.02476009314181583 0.05526747287119511 0.08166666666666667
v 0.02112059123322386 0.06415889879602343 0.08166666666666667
v 0.018462637977103125 0.07262829115630424 0.08166666666666667
v 0.016551029690842094 0.08073079112513173 0.08166666666666667
v 0.015151895410556296 0.08849782883138677 0.08166666666666667
v 0.01411232788226581 0.09602057766440059 0.08166666666666667
v 0.013234545511479389 0.10339816919414596 0.08166666666666667
v 0.012014010565636241 0.11033474656020778 0.08166666666666667
v 0.00962601183650256 0.11539515782630072 0.08166666666666667
v 0.006216801857892569 0.11743540024059308 0.08166666666666667
v 0.0029110334927221365 0.11774071058984228 0.08166666666666667
v 1.7608123300198717e-18 0.11769002507710206 0.08166666666666667
v -0.0029110334927221334 0.1177407105898423 0.08166666666666667
v -0.006216801857892563 0.11743540024059308 0.08166666666666667
v -0.009626011836502553 0.11539515782630073 0.08166666666666667
v -0.012014010565636238 0.11033474656020778 0.08166666666666667
v -0.013234545511479385 0.10339816919414598 0.08166666666666667
v -0.0141123278822658 0.0960205776644006 0.08166666666666667
v -0.015151895410556296 0.08849782883138678 0.08166666666666667
v -0.016551029690842087 0.08073079112513175 0.08166666666666667
v -0.018462637977103125 0.07262829115630424 0.08166666666666667
v -0.02112059123322387 0.06415889879602343 0.08166666666666667
v -0.024760093141815823 0.05526747287119514 0.08166666666666667
v -0.029004387246052667 0.04570214842623627 0.08166666666666667
v -0.031732708338959956 0.03500473843095419 0.08166666666666667
v -0.03125397349490464 0.02335935347603407 0.08166666666666667
v -0.02955621905564395 0.011596447818263324 0.08166666666666667
v -0.028756247617612165 1.441287125022448e-17 0.08166666666666667
v -0.029556219055643946 -0.011596447818263297 0.08166666666666667
v -0.03125397349490465 -0.02335935347603404 0.08166666666666667
v -0.03173270833895996 -0.035004738430954155 0.08166666666666667
v -0.029004387246052674 -0.04570214842623625 0.08166666666666667
v -0.02476009314181583 -0.05526747287119511 0.08166666666666667
v -0.02112059123322387 -0.0641588987960234 0.08166666666666667
v -0.018462637977103135 -0.07262829115630423 0.08166666666666667
v -0.016551029690842094 -0.08073079112513173 0.08166666666666667
v -0.0151518954105563 -0.08849782883138674 0.08166666666666667
v -0.014112327882265806 -0.09602057766440059 0.08166666666666667
v -0.013234545511479387 -0.10339816919414596 0.08166666666666667
v -0.012014010565636248 -0.11033474656020774 0.08166666666666667
v -0.009626011836502564 -0.11539515782630072 0.08166666666666667
v -0.00621680185789258 -0.11743540024059308 0.08166666666666667
v -0.0029110334927221265 -0.11774071058984228 0.08166666666666667
v -5.2824369900596155e-18 -0.11769002507710206 0.08166666666666667
v 0.002911033492722116 -0.1177407105898423 0.08166666666666667
v 0.006216801857892568 -0.11743540024059308 0.08166666666666667
v 0.00962601183650255 -0.11539515782630073 0.08166666666666667
v 0.012014010565636241 -0.11033474656020775 0.08166666666666667
v 0.013234545511479385 -0.10339816919414598 0.08166666666666667
v 0.014112327882265801 -0.09602057766440061 0.08166666666666667
v 0.015151895410556298 -0.08849782883138677 0.08166666666666667
v 0.016551029690842087 -0.08073079112513176 0.08166666666666667
v 0.018462637977103118 -0.0726282911563043 0.08166666666666667
v 0.02112059123322386 -0.06415889879602343 0.08166666666666667
v 0.024760093141815816 -0.05526747287119515 0.08166666666666667
v 0.029004387246052636 -0.04570214842623633 0.08166666666666667
v 0.031732708338959956 -0.035004738430954196 0.08166666666666667
v 0.03125397349490464 -0.023359353476034083 0.08166666666666667
v 0.029556219055643946 -0.011596447818263286 0.08166666666666667
v 0.042627792155935304 0.0 0.09333333333333332
v 0.04395930775472109 0.011553351977309128 0.09333333333333332
v 0.046803798280073854 0.023450914546398305 0.09333333333333332
v 0.04769419212677059 0.03529857887714039 0.09333333333333332
v 0.043373877904652504 0.04580596065395735 0.09333333333333332
v 0.03661073341018154 0.05473907810704078 0.09333333333333332
v 0.030875896991021487 0.0629130760399195 0.09333333333333332
v 0.026784172354239372 0.07080191125771085 0.09333333333333332
v 0.023947879822355286 0.07855347829310241 0.09333333333333332
v 0.021981202181023604 0.0862723784858877 0.09333333333333332
v 0.020630614795997326 0.09415607214835565 0.09333333333333332
v 0.01956884470306775 0.10240961212093472 0.09333333333333332
v 0.01796604848082179 0.11058537144831222 0.09333333333333332
v 0.014467875008987278 0.11636381996129395 0.09333333333333332
v 0.009309854318249463 0.11789570882557673 0.09333333333333332
v 0.00432961391137196 0.11730315117363728 0.09333333333333332
v 2.610199460924241e-18 0.11685479945334351 0.09333333333333332
v -0.004329613911371956 0.1173031511736373 0.09333333333333332
v -0.009309854318249454 0.11789570882557672 0.09333333333333332
v -0.014467875008987267 0.11636381996129397 0.09333333333333332
v -0.017966048480821787 0.11058537144831222 0.09333333333333332
v -0.019568844703067738 0.10240961212093475 0.09333333333333332
v -0.020630614795997308 0.09415607214835565 0.09333333333333332
v -0.021981202181023604 0.08627237848588772 0.09333333333333332
v -0.023947879822355276 0.07855347829310243 0.09333333333333332
v -0.026784172354239372 0.07080191125771085 0.09333333333333332
v -0.030875896991021494 0.0629130760399195 0.09333333333333332
v -0.036610733410181534 0.05473907810704081 0.09333333333333332
v -0.043373877904652504 0.045805960653957374 0.09333333333333332
v -0.04769419212677059 0.0352985788771404 0.09333333333333332
v -0.04680379828007386 0.023450914546398346 0.09333333333333332
v -0.043959307754721094 0.011553351977309154 0.09333333333333332
v -0.042627792155935304 1.4310585611554304e-17 0.09333333333333332
v -0.04395930775472109 -0.011553351977309126 0.09333333333333332
v -0.04680379828007387 -0.02345091454639832 0.09333333333333332
v -0.047694192126770604 -0.035298578877140364 0.09333333333333332
v -0.04337387790465251 -0.045805960653957346 0.09333333333333332
v -0.03661073341018154 -0.05473907810704078 0.09333333333333332
v -0.030875896991021497 -0.06291307603991947 0.09333333333333332
v -0.026784172354239386 -0.07080191125771083 0.09333333333333332
v -0.023947879822355286 -0.07855347829310241 0.09333333333333332
v -0.021981202181023604 -0.08627237848588767 0.09333333333333332
v -0.020630614795997322 -0.09415607214835565 0.09333333333333332
v -0.019568844703067738 -0.10240961212093472 0.09333333333333332
v -0.017966048480821797 -0.11058537144831215 0.09333333333333332
v -0.014467875008987281 -0.11636381996129395 0.09333333333333332
v -0.009309854318249478 -0.11789570882557672 0.09333333333333332
v -0.0043296139113719444 -0.1173031511736373 0.09333333333333332
v -7.830598382772723e-18 -0.11685479945334351 0.09333333333333332
v 0.00432961391137193 -0.1173031511736373 0.09333333333333332
v 0.00930985431824946 -0.11789570882557673 0.09333333333333332
v 0.014467875008987262 -0.11636381996129397 0.09333333333333332
v 0.01796604848082179 -0.11058537144831218 0.09333333333333332
v 0.019568844703067734 -0.10240961212093475 0.09333333333333332
v 0.02063061479599731 -0.09415607214835567 0.09333333333333332
v 0.021981202181023604 -0.0862723784858877 0.09333333333333332
v 0.023947879822355276 -0.07855347829310244 0.09333333333333332
v 0.02678417235423936 -0.0708019112577109 0.09333333333333332
v 0.030875896991021487 -0.0629130760399195 0.09333333333333332
v 0.03661073341018153 -0.05473907810704082 0.09333333333333332
v 0.04337387790465245 -0.04580596065395742 0.09333333333333332
v 0.04769419212677059 -0.035298578877140406 0.09333333333333332
v 0.04680379828007386 -0.023450914546398364 0.09333333333333332
v 0.04395930775472109 -0.011553351977309115 0.09333333333333332
v 0.06204666816171481 0.0 0.105
v 0.06412229629395073 0.011493021796373484 0.105
v 0.06857211099972581 0.023579091554189198 0.105
v 0.07003878927580756 0.03570992825313876 0.105
v 0.063489832302856 0.04595128814596305 0.105
v 0.0532005308422352 0.053999374436777665 0.105
v 0.04453242041462281 0.06116903971007002 0.105
v 0.03843354880262259 0.06824514876509509 0.105
v 0.0343027840754726 0.07550544223668783 0.105
v 0.03154159835859061 0.08315695437454432 0.105
v 0.02975561201589226 0.09154593732680494 0.105
v 0.028436276173668288 0.10102572389015478 0.105
v 0.026298349612636388 0.11093622305049802 0.105
v 0.02124603445068972 0.11771985712348305 0.105
v 0.013639840935176152 0.1185400981588264 0.105
v 0.0063154949484751114 0.11669060856708244 0.105
v 3.799262678100101e-18 0.1156855610329349 0.105
v -0.006315494948475104 0.11669060856708245 0.105
v -0.01363984093517614 0.11854009815882639 0.105
v -0.021246034450689705 0.11771985712348307 0.105
v -0.026298349612636385 0.11093622305049802 0.105
v -0.028436276173668274 0.1010257238901548 0.105
v -0.029755612015892236 0.09154593732680495 0.105
v -0.03154159835859061 0.08315695437454433 0.105
v -0.034302784075472596 0.07550544223668784 0.105
v -0.03843354880262259 0.06824514876509509 0.105
v -0.044532420414622825 0.06116903971007002 0.105
v -0.053200530842235194 0.053999374436777686 0.105
v -0.063489832302856 0.04595128814596306 0.105
v -0.07003878927580756 0.03570992825313877 0.105
v -0.06857211099972581 0.02357909155418924 0.105
v -0.06412229629395075 0.011493021796373511 0.105
v -0.06204666816171481 1.416739520265495e-17 0.105
v -0.06412229629395073 -0.011493021796373482 0.105
v -0.06857211099972582 -0.023579091554189215 0.105
v -0.07003878927580758 -0.035709928253138734 0.105
v -0.06348983230285601 -0.04595128814596304 0.105
v -0.0532005308422352 -0.053999374436777665 0.105
v -0.044532420414622825 -0.06116903971007 0.105
v -0.03843354880262261 -0.06824514876509508 0.105
v -0.0343027840754726 -0.07550544223668783 0.105
v -0.03154159835859062 -0.08315695437454428 0.105
v -0.029755612015892254 -0.09154593732680494 0.105
v -0.028436276173668274 -0.10102572389015477 0.105
v -0.026298349612636406 -0.11093622305049795 0.105
v -0.021246034450689726 -0.11771985712348305 0.105
v -0.013639840935176178 -0.11854009815882639 0.105
v -0.006315494948475088 -0.11669060856708244 0.105
v -1.1397788034300303e-17 -0.1156855610329349 0.105
v 0.006315494948475066 -0.11669060856708245 0.105
v 0.01363984093517615 -0.1185400981588264 0.105
v 0.021246034450689698 -0.11771985712348307 0.105
v 0.026298349612636388 -0.11093622305049798 0.105
v 0.02843627617366827 -0.1010257238901548 0.105
v 0.029755612015892243 -0.09154593732680497 0.105
v 0.03154159835859061 -0.0831569543745443 0.105
v 0.03430278407547259 -0.07550544223668786 0.105
v 0.03843354880262258 -0.06824514876509513 0.105
v 0.04453242041462281 -0.06116903971007002 0.105
v 0.05320053084223519 -0.05399937443677769 0.105
v 0.06348983230285592 -0.0459512881459631 0.105
v 0.07003878927580756 -0.035709928253138776 0.105
v 0.06857211099972581 -0.023579091554189257 0.105
v 0.06412229629395073 -0.011493021796373473 0.105
v 0.08823543857738886 0.0 0.11666666666666667
v 0.09131459504443429 0.01141165904102197 0.11666666666666667
v 0.09792938914403715 0.023751954197145705 0.11666666666666667
v 0.10017325867520493 0.03626468406729845 0.11666666666666667
v 0.09061869966211658 0.04614728035076883 0.11666666666666667
v 0.07557393680359392 0.053001792002532404 0.11666666666666667
v 0.06294994141380558 0.0588169897239931 0.11666666666666667
v 0.054144182373879184 0.06479703642807869 0.11666666666666667
v 0.048267660831494225 0.07139478637399109 0.11666666666666667
v 0.04443498212100163 0.0789554173352664 0.11666666666666667
v 0.042061806110976284 0.08802584576356494 0.11666666666666667
v 0.040395110809162346 0.09915937842576937 0.11666666666666667
v 0.037535494404662896 0.11140939008945953 0.11666666666666667
v 0.03038722580526386 0.11954864195660743 0.11666666666666667
v 0.019479366630684218 0.11940913735047491 0.11666666666666667
v 0.008993702612917502 0.1158645186487932 0.11666666666666667
v 5.402862371258109e-18 0.1141086975448446 0.11666666666666667
v -0.008993702612917494 0.1158645186487932 0.11666666666666667
v -0.019479366630684197 0.1194091373504749 0.11666666666666667
v -0.03038722580526384 0.11954864195660744 0.11666666666666667
v -0.03753549440466289 0.11140939008945953 0.11666666666666667
v -0.04039511080916233 0.09915937842576937 0.11666666666666667
v -0.042061806110976256 0.08802584576356495 0.11666666666666667
v -0.04443498212100163 0.07895541733526643 0.11666666666666667
v -0.04826766083149421 0.0713947863739911 0.11666666666666667
v -0.054144182373879184 0.06479703642807869 0.11666666666666667
v -0.0629499414138056 0.0588169897239931 0.11666666666666667
v -0.07557393680359391 0.053001792002532425 0.11666666666666667
v -0.09061869966211658 0.046147280350768836 0.11666666666666667
v -0.10017325867520493 0.03626468406729846 0.11666666666666667
v -0.09792938914403716 0.02375195419714575 0.11666666666666667
v -0.0913145950444343 0.011411659041021998 0.11666666666666667
v -0.08823543857738886 1.3974285120316736e-17 0.11666666666666667
v -0.09131459504443429 -0.011411659041021968 0.11666666666666667
v -0.09792938914403718 -0.023751954197145726 0.11666666666666667
v -0.10017325867520498 -0.03626468406729842 0.11666666666666667
v -0.09061869966211661 -0.046147280350768816 0.11666666666666667
v -0.07557393680359392 -0.053001792002532404 0.11666666666666667
v -0.0629499414138056 -0.058816989723993074 0.11666666666666667
v -0.05414418237387921 -0.06479703642807866 0.11666666666666667
v -0.048267660831494225 -0.07139478637399109 0.11666666666666667
v -0.04443498212100164 -0.07895541733526637 0.11666666666666667
v -0.04206180611097628 -0.08802584576356494 0.11666666666666667
v -0.04039511080916233 -0.09915937842576934 0.11666666666666667
v -0.03753549440466292 -0.11140939008945946 0.11666666666666667
v -0.03038722580526387 -0.11954864195660743 0.11666666666666667
v -0.01947936663068425 -0.11940913735047491 0.11666666666666667
v -0.008993702612917471 -0.11586451864879319 0.11666666666666667
v -1.6208587113774324e-17 -0.1141086975448446 0.11666666666666667
v 0.008993702612917438 -0.1158645186487932 0.11666666666666667
v 0.019479366630684215 -0.11940913735047491 0.11666666666666667
v 0.030387225805263828 -0.11954864195660744 0.11666666666666667
v 0.0375354944046629 -0.11140939008945949 0.11666666666666667
v 0.04039511080916233 -0.09915937842576937 0.11666666666666667
v 0.04206180611097626 -0.08802584576356497 0.11666666666666667
v 0.04443498212100164 -0.0789554173352664 0.11666666666666667
v 0.048267660831494204 -0.07139478637399112 0.11666666666666667
v 0.05414418237387916 -0.06479703642807871 0.11666666666666667
v 0.06294994141380558 -0.0588169897239931 0.11666666666666667
v 0.0755739368035939 -0.05300179200253243 0.11666666666666667
v 0.09061869966211648 -0.04614728035076888 0.11666666666666667
v 0.10017325867520493 -0.03626468406729847 0.11666666666666667
v 0.09792938914403716 -0.023751954197145767 0.11666666666666667
v 0.09131459504443429 -0.01141165904102196 0.11666666666666667
v 0.12251482785648529 0.0 0.12833333333333333
v 0.12690753734245933 0.011305160510573778 0.12833333333333333
v 0.13635614800711285 0.023978220101793637 0.12833333333333333
v 0.1396173101088955 0.03699082317984878 0.12833333333333333
v 0.1261286144136882 0.04640382134057356 0.12833333333333333
v 0.10485926331092975 0.051696021778932476 0.12833333333333333
v 0.08705727298631266 0.05573830997702917 0.12833333333333333
v 0.07470837517340144 0.06028368268131788 0.12833333333333333
v 0.06654677202900823 0.06601420644323398 0.12833333333333333
v 0.06131157900208099 0.07345587988261268 0.12833333333333333
v 0.05816981008496299 0.08341827591285718 0.12833333333333333
v 0.05604844394728826 0.09671645416138111 0.12833333333333333
v 0.052244182693476304 0.11202873482635071 0.12833333333333333
v 0.04235244799571133 0.12194240180891641 0.12833333333333333
v 0.02712292420686586 0.12054665286863304 0.12833333333333333
v 0.012499301449460565 0.11478322092312272 0.12833333333333333
v 7.501869589126686e-18 0.11204468627244478 0.12833333333333333
v -0.012499301449460553 0.11478322092312274 0.12833333333333333
v -0.027122924206865833 0.12054665286863302 0.12833333333333333
v -0.042352447995711306 0.12194240180891643 0.12833333333333333
v -0.05224418269347628 0.11202873482635071 0.12833333333333333
v -0.05604844394728824 0.09671645416138112 0.12833333333333333
v -0.05816981008496295 0.0834182759128572 0.12833333333333333
v -0.06131157900208099 0.0734558798826127 0.12833333333333333
v -0.06654677202900819 0.066014206443234 0.12833333333333333
v -0.07470837517340144 0.06028368268131788 0.12833333333333333
v -0.08705727298631269 0.05573830997702917 0.12833333333333333
v -0.10485926331092972 0.051696021778932504 0.12833333333333333
v -0.1261286144136882 0.04640382134057356 0.12833333333333333
v -0.1396173101088955 0.03699082317984879 0.12833333333333333
v -0.13635614800711285 0.023978220101793686 0.12833333333333333
v -0.12690753734245935 0.011305160510573807 0.12833333333333333
v -0.12251482785648529 1.3721516640501889e-17 0.12833333333333333
v -0.12690753734245933 -0.011305160510573776 0.12833333333333333
v -0.13635614800711288 -0.02397822010179366 0.12833333333333333
v -0.13961731010889555 -0.03699082317984875 0.12833333333333333
v -0.12612861441368825 -0.046403821340573546 0.12833333333333333
v -0.10485926331092975 -0.051696021778932476 0.12833333333333333
v -0.0870572729863127 -0.055738309977029145 0.12833333333333333
v -0.07470837517340148 -0.060283682681317875 0.12833333333333333
v -0.06654677202900823 -0.06601420644323398 0.12833333333333333
v -0.061311579002081 -0.07345587988261264 0.12833333333333333
v -0.058169810084962977 -0.08341827591285718 0.12833333333333333
v -0.05604844394728824 -0.09671645416138108 0.12833333333333333
v -0.052244182693476325 -0.11202873482635062 0.12833333333333333
v -0.04235244799571134 -0.12194240180891641 0.12833333333333333
v -0.027122924206865906 -0.12054665286863304 0.12833333333333333
v -0.012499301449460522 -0.11478322092312271 0.12833333333333333
v -2.2505608767380057e-17 -0.11204468627244478 0.12833333333333333
v 0.012499301449460478 -0.11478322092312274 0.12833333333333333
v 0.027122924206865857 -0.12054665286863304 0.12833333333333333
v 0.042352447995711286 -0.12194240180891643 0.12833333333333333
v 0.052244182693476304 -0.11202873482635066 0.12833333333333333
v 0.05604844394728824 -0.09671645416138112 0.12833333333333333
v 0.058169810084962956 -0.08341827591285723 0.12833333333333333
v 0.06131157900208099 -0.07345587988261267 0.12833333333333333
v 0.06654677202900817 -0.06601420644323401 0.12833333333333333
v 0.0747083751734014 -0.06028368268131791 0.12833333333333333
v 0.08705727298631266 -0.05573830997702917 0.12833333333333333
v 0.1048592633109297 -0.051696021778932504 0.12833333333333333
v 0.12612861441368806 -0.046403821340573595 0.12833333333333333
v 0.1396173101088955 -0.036990823179848795 0.12833333333333333
v 0.13635614800711285 -0.023978220101793703 0.12833333333333333
v 0.12690753734245933 -0.011305160510573767 0.12833333333333333
v 0.16630058963627037 0.0 0.14
v 0.17237112713439626 0.011169127769554517 0.14
v 0.18543942938791302 0.02426723414808073 0.14
v 0.18999999999999995 0.03791833545091779 0.14
v 0.1714861514302804 0.04673150636946611 0.14
v 0.14226600704412004 0.050028134889694695 0.14
v 0.11785005837656364 0.05180584966102774 0.14
v 0.10097543727834177 0.05451868405854261 0.14
v 0.08989505288442623 0.059141482160806724 0.14
v 0.08286839976898476 0.06643120873575119 0.14
v 0.07874489148476217 0.0775329331424761 0.14
v 0.07604276503233598 0.09359605726586848 0.14
v 0.07103188968158848 0.11281983646728974 0.14
v 0.057635869885395034 0.12499999999999997 0.14
v 0.03688619590508272 0.12199962459731123 0.14
v 0.01697707420972289 0.1134020573252607 0.14
v 1.01829742397188e-17 0.10940828265544104 0.14
v -0.01697707420972287 0.11340205732526071 0.14
v -0.036886195905082686 0.1219996245973112 0.14
v -0.05763586988539499 0.12499999999999999 0.14
v -0.07103188968158847 0.11281983646728974 0.14
v -0.07604276503233595 0.09359605726586849 0.14
v -0.07874489148476212 0.07753293314247613 0.14
v -0.08286839976898476 0.06643120873575122 0.14
v -0.0898950528844262 0.05914148216080673 0.14
v -0.10097543727834177 0.05451868405854261 0.14
v -0.11785005837656366 0.05180584966102774 0.14
v -0.14226600704412 0.05002813488969472 0.14
v -0.1714861514302804 0.04673150636946611 0.14
v -0.18999999999999995 0.037918335450917794 0.14
v -0.18543942938791308 0.02426723414808078 0.14
v -0.17237112713439628 0.011169127769554544 0.14
v -0.16630058963627037 1.3398650315419476e-17 0.14
v -0.17237112713439626 -0.011169127769554515 0.14
v -0.1854394293879131 -0.024267234148080758 0.14
v -0.19 -0.037918335450917766 0.14
v -0.17148615143028045 -0.0467315063694661 0.14
v -0.14226600704412004 -0.050028134889694695 0.14
v -0.11785005837656368 -0.05180584966102772 0.14
v -0.10097543727834182 -0.05451868405854261 0.14
v -0.08989505288442623 -0.059141482160806724 0.14
v -0.08286839976898476 -0.06643120873575115 0.14
v -0.07874489148476216 -0.0775329331424761 0.14
v -0.07604276503233595 -0.09359605726586843 0.14
v -0.07103188968158851 -0.11281983646728962 0.14
v -0.057635869885395055 -0.12499999999999997 0.14
v -0.03688619590508279 -0.12199962459731124 0.14
v -0.016977074209722824 -0.11340205732526067 0.14
v -3.0548922719156395e-17 -0.10940828265544104 0.14
v 0.01697707420972277 -0.1134020573252607 0.14
v 0.036886195905082714 -0.12199962459731123 0.14
v 0.05763586988539497 -0.12499999999999999 0.14
v 0.07103188968158848 -0.11281983646728966 0.14
v 0.07604276503233595 -0.09359605726586849 0.14
v 0.07874489148476213 -0.07753293314247615 0.14
v 0.08286839976898476 -0.06643120873575117 0.14
v 0.08989505288442619 -0.059141482160806745 0.14
v 0.10097543727834171 -0.054518684058542634 0.14
v 0.11785005837656364 -0.05180584966102774 0.14
v 0.14226600704411999 -0.05002813488969472 0.14
v 0.17148615143028018 -0.04673150636946614 0.14
v 0.18999999999999995 -0.03791833545091781 0.14
v 0.18543942938791308 -0.0242672341480808 0.14
v 0.17237112713439626 -0.011169127769554504 0.14
v 0.0 0.0 -0.085
g rigid_wall
f 1 2 66
f 1 66 65
f 2 3 67
f 2 67 66
f 3 4 68
f 3 68 67
f 4 5 69
f 4 69 68
f 5 6 70
f 5 70 69
f 6 7 71
f 6 71 70
f 7 8 72
f 7 72 71
f 8 9 73
f 8 73 72
f 9 10 74
f 9 74 73
f 10 11 75
f 10 75 74
f 11 12 76
f 11 76 75
f 12 13 77
f 12 77 76
f 13 14 78
f 13 78 77
f 14 15 79
f 14 79 78
f 15 16 80
f 15 80 79
f 16 17 81
f 16 81 80
f 17 18 82
f 17 82 81
f 18 19 83
f 18 83 82
f 19 20 84
f 19 84 83
f 20 21 85
f 20 85 84
f 21 22 86
f 21 86 85
f 22 23 87
f 22 87 86
f 23 24 88
f 23 88 87
f 24 25 89
f 24 89 88
f 25 26 90
f 25 90 89
f 26 27 91
f 26 91 90
f 27 28 92
f 27 92 91
f 28 29 93
f 28 93 92
f 29 30 94
f 29 94 93
f 30 31 95
f 30 95 94
f 31 32 96
f 31 96 95
f 32 33 97
f 32 97 96
f 33 34 98
f 33 98 97
f 34 35 99
f 34 99 98
f 35 36 100
f 35 100 99
f 36 37 101
f 36 101 100
f 37 38 102
f 37 102 101
f 38 39 103
f 38 103 102
f 39 40 104
f 39 104 103
f 40 41 105
f 40 105 104
f 41 42 106
f 41 106 105
f 42 43 107
f 42 107 106
f 43 44 108
f 43 108 107
f 44 45 109
f 44 109 108
f 45 46 110
f 45 110 109
f 46 47 111
f 46 111 110
f 47 48 112
f 47 112 111
f 48 49 113
f 48 113 112
f 49 50 114
f 49 114 113
f 50 51 115
f 50 115 114
f 51 52 116
f 51 116 115
f 52 53 117
f 52 117 116
f 53 54 118
f 53 118 117
f 54 55 119
f 54 119 118
f 55 56 120
f 55 120 119
f 56 57 121
f 56 121 120
f 57 58 122
f 57 122 121
f 58 59 123
f 58 123 122
f 59 60 124
f 59 124 123
f 60 61 125
f 60 125 124
f 61 62 126
f 61 126 125
f 62 63 127
f 62 127 126
f 63 64 128
f 63 128 127
f 64 1 65
f 64 65 128
f 65 66 130
f 65 130 129
f 66 67 131
f 66 131 130
f 67 68 132
f 67 132 131
f 68 69 133
f 68 133 132
f 69 70 134
f 69 134 133
f 70 71 135
f 70 135 134
f 71 72 136
f 71 136 135
f 72 73 137
f 72 137 136
f 73 74 138
f 73 138 137
f 74 75 139
f 74 139 138
f 75 76 140
f 75 140 139
f 76 77 141
f 76 141 140
f 77 78 142
f 77 142 141
f 78 79 143
f 78 143 142
f 79 80 144
f 79 144 143
f 80 81 145
f 80 145 144
f 81 82 146
f 81 146 145
f 82 83 147
f 82 147 146
f 83 84 148
f 83 148 147
f 84 85 149
f 84 149 148
f 85 86 150
f 85 150 149
f 86 87 151
f 86 151 150
f 87 88 152
f 87 152 151
f 88 89 153
f 88 153 152
f 89 90 154
f 89 154 153
f 90 91 155
f 90 155 154
f 91 92 156
f 91 156 155
f 92 93 157
f 92 157 156
f 93 94 158
f 93 158 157
f 94 95 159
f 94 159 158
f 95 96 160
f 95 160 159
f 96 97 161
f 96 161 160
f 97 98 162
f 97 162 161
f 98 99 163
f 98 163 162
f 99 100 164
f 99 164 163
f 100 101 165
f 100 165 164
f 101 102 166
f 101 166 165
f 102 103 167
f 102 167 166
f 103 104 168
f 103 168 167
f 104 105 169
f 104 169 168
f 105 106 170
f 105 170 169
f 106 107 171
f 106 171 170
f 107 108 172
f 107 172 171
f 108 109 173
f 108 173 172
f 109 110 174
f 109 174 173
f 110 111 175
f 110 175 174
f 111 112 176
f 111 176 175
f 112 113 177
f 112 177 176
f 113 114 178
f 113 178 177
f 114 115 179
f 114 179 178
f 115 116 180
f 115 180 179
f 116 117 181
f 116 181 180
f 117 118 182
f 117 182 181
f 118 119 183
f 118 183 182
f 119 120 184
f 119 184 183
f 120 121 185
f 120 185 184
f 121 122 186
f 121 186 185
f 122 123 187
f 122 187 186
f 123 124 188
f 123 188 187
f 124 125 189
f 124 189 188
f 125 126 190
f 125 190 189
f 126 127 191
f 126 191 190
f 127 128 192
f 127 192 191
f 128 65 129
f 128 129 192
f 129 130 194
f 129 194 193
f 130 131 195
f 130 195 194
f 131 132 196
f 131 196 195
f 132 133 197
f 132 197 196
f 133 134 198
f 133 198 197
f 134 135 199
f 134 199 198
f 135 136 200
f 135 200 199
f 136 137 201
f 136 201 200
f 137 138 202
f 137 202 201
f 138 139 203
f 138 203 202
f 139 140 204
f 139 204 203
f 140 141 205
f 140 205 204
f 141 142 206
f 141 206 205
f 142 143 207
f 142 207 206
f 143 144 208
f 143 208 207
f 144 145 209
f 144 209 208
f 145 146 210
f 145 210 209
f 146 147 211
f 146 211 210
f 147 148 212
f 147 212 211
f 148 149 213
f 148 213 212
f 149 150 214
f 149 214 213
f 150 151 215
f 150 215 214
f 151 152 216
f 151 216 215
f 152 153 217
f 152 217 216
f 153 154 218
f 153 218 217
f 154 155 219
f 154 219 218
f 155 156 220
f 155 220 219
f 156 157 221
f 156 221 220
f 157 158 222
f 157 222 221
f 158 159 223
f 158 223 222
f 159 160 224
f 159 224 223
f 160 161 225
f 160 225 224
f 161 162 226
f 161 226 225
f 162 163 227
f 162 227 226
f 163 164 228
f 163 228 227
f 164 165 229
f 164 229 228
f 165 166 230
f 165 230 229
f 166 167 231
f 166 231 230
f 167 168 232
f 167 232 231
f 168 169 233
f 168 233 232
f 169 170 234
f 169 234 233
f 170 171 235
f 170 235 234
f 171 172 236
f 171 236 235
f 172 173 237
f 172 237 236
f 173 174 238
f 173 238 237
f 174 175 239
f 174 239 238
f 175 176 240
f 175 240 239
f 176 177 241
f 176 241 240
f 177 178 242
f 177 242 241
f 178 179 243
f 178 243 242
f 179 180 244
f 179 244 243
f 180 181 245
f 180 245 244
f 181 182 246
f 181 246 245
f 182 183 247
f 182 247 246
f 183 184 248
f 183 248 247
f 184 185 249
f 184 249 248
f 185 186 250
f 185 250 249
f 186 187 251
f 186 251 250
f 187 188 252
f 187 252 251
f 188 189 253
f 188 253 252
f 189 190 254
f 189 254 253
f 190 191 255
f 190 255 254
f 191 192 256
f 191 256 255
f 192 129 193
f 192 193 256
f 193 194 258
f 193 258 257
f 194 195 259
f 194 259 258
f 195 196 260
f 195 260 259
f 196 197 261
f 196 261 260
f 197 198 262
f 197 262 261
f 198 199 263
f 198 263 262
f 199 200 264
f 199 264 263
f 200 201 265
f 200 265 264
f 201 202 266
f 201 266 265
f 202 203 267
f 202 267 266
f 203 204 268
f 203 268 267
f 204 205 269
f 204 269 268
f 205 206 270
f 205 270 269
f 206 207 271
f 206 271 270
f 207 208 272
f 207 272 271
f 208 209 273
f 208 273 272
f 209 210 274
f 209 274 273
f 210 211 275
f 210 275 274
f 211 212 276
f 211 276 275
f 212 213 277
f 212 277 276
f 213 214 278
f 213 278 277
f 214 215 279
f 214 279 278
f 215 216 280
f 215 280 279
f 216 217 281
f 216 281 280
f 217 218 282
f 217 282 281
f 218 219 283
f 218 283 282
f 219 220 284
f 219 284 283
f 220 221 285
f 220 285 284
f 221 222 286
f 221 286 285
f 222 223 287
f 222 287 286
f 223 224 288
f 223 288 287
f 224 225 289
f 224 289 288
f 225 226 290
f 225 290 289
f 226 227 291
f 226 291 290
f 227 228 292
f 227 292 291
f 228 229 293
f 228 293 292
f 229 230 294
f 229 294 293
f 230 231 295
f 230 295 294
f 231 232 296
f 231 296 295
f 232 233 297
f 232 297 296
f 233 234 298
f 233 298 297
f 234 235 299
f 234 299 298
f 235 236 300
f 235 300 299
f 236 237 301
f 236 301 300
f 237 238 302
f 237 302 301
f 238 239 303
f 238 303 302
f 239 240 304
f 239 304 303
f 240 241 305
f 240 305 304
f 241 242 306
f 241 306 305
f 242 243 307
f 242 307 306
f 243 244 308
f 243 308 307
f 244 245 309
f 244 309 308
f 245 246 310
f 245 310 309
f 246 247 311
f 246 311 310
f 247 248 312
f 247 312 311
f 248 249 313
f 248 313 312
f 249 250 314
f 249 314 313
f 250 251 315
f 250 315 314
f 251 252 316
f 251 316 315
f 252 253 317
f 252 317 316
f 253 254 318
f 253 318 317
f 254 255 319
f 254 319 318
f 255 256 320
f 255 320 319
f 256 193 257
f 256 257 320
f 257 258 322
f 257 322 321
f 258 259 323
f 258 323 322
f 259 260 324
f 259 324 323
f 260 261 325
f 260 325 324
f 261 262 326
f 261 326 325
f 262 263 327
f 262 327 326
f 263 264 328
f 263 328 327
f 264 265 329
f 264 329 328
f 265 266 330
f 265 330 329
f 266 267 331
f 266 331 330
f 267 268 332
f 267 332 331
f 268 269 333
f 268 333 332
f 269 270 334
f 269 334 333
f 270 271 335
f 270 335 334
f 271 272 336
f 271 336 335
f 272 273 337
f 272 337 336
f 273 274 338
f 273 338 337
f 274 275 339
f 274 339 338
f 275 276 340
f 275 340 339
f 276 277 341
f 276 341 340
f 277 278 342
f 277 342 341
f 278 279 343
f 278 343 342
f 279 280 344
f 279 344 343
f 280 281 345
f 280 345 344
f 281 282 346
f 281 346 345
f 282 283 347
f 282 347 346
f 283 284 348
f 283 348 347
f 284 285 349
f 284 349 348
f 285 286 350
f 285 350 349
f 286 287 351
f 286 351 350
f 287 288 352
f 287 352 351
f 288 289 353
f 288 353 352
f 289 290 354
f 289 354 353
f 290 291 355
f 290 355 354
f 291 292 356
f 291 356 355
f 292 293 357
f 292 357 356
f 293 294 358
f 293 358 357
f 294 295 359
f 294 359 358
f 295 296 360
f 295 360 359
f 296 297 361
f 296 361 360
f 297 298 362
f 297 362 361
f 298 299 363
f 298 363 362
f 299 300 364
f 299 364 363
f 300 301 365
f 300 365 364
f 301 302 366
f 301 366 365
f 302 303 367
f 302 367 366
f 303 304 368
f 303 368 367
f 304 305 369
f 304 369 368
f 305 306 370
f 305 370 369
f 306 307 371
f 306 371 370
f 307 308 372
f 307 372 371
f 308 309 373
f 308 373 372
f 309 310 374
f 309 374 373
f 310 311 375
f 310 375 374
f 311 312 376
f 311 376 375
f 312 313 377
f 312 377 376
f 313 314 378
f 313 378 377
f 314 315 379
f 314 379 378
f 315 316 380
f 315 380 379
f 316 317 381
f 316 381 380
f 317 318 382
f 317 382 381
f 318 319 383
f 318 383 382
f 319 320 384
f 319 384 383
f 320 257 321
f 320 321 384
f 321 322 386
f 321 386 385
f 322 323 387
f 322 387 386
f 323 324 388
f 323 388 387
f 324 325 389
f 324 389 388
f 325 326 390
f 325 390 389
f 326 327 391
f 326 391 390
f 327 328 392
f 327 392 391
f 328 329 393
f 328 393 392
f 329 330 394
f 329 394 393
f 330 331 395
f 330 395 394
f 331 332 396
f 331 396 395
f 332 333 397
f 332 397 396
f 333 334 398
f 333 398 397
f 334 335 399
f 334 399 398
f 335 336 400
f 335 400 399
f 336 337 401
f 336 401 400
f 337 338 402
f 337 402 401
f 338 339 403
f 338 403 402
f 339 340 404
f 339 404 403
f 340 341 405
f 340 405 404
f 341 342 406
f 341 406 405
f 342 343 407
f 342 407 406
f 343 344 408
f 343 408 407
f 344 345 409
f 344 409 408
f 345 346 410
f 345 410 409
f 346 347 411
f 346 411 410
f 347 348 412
f 347 412 411
f 348 349 413
f 348 413 412
f 349 350 414
f 349 414 413
f 350 351 415
f 350 415 414
f 351 352 416
f 351 416 415
f 352 353 417
f 352 417 416
f 353 354 418
f 353 418 417
f 354 355 419
f 354 419 418
f 355 356 420
f 355 420 419
f 356 357 421
f 356 421 420
f 357 358 422
f 357 422 421
f 358 359 423
f 358 423 422
f 359 360 424
f 359 424 423
f 360 361 425
f 360 425 424
f 361 362 426
f 361 426 425
f 362 363 427
f 362 427 426
f 363 364 428
f 363 428 427
f 364 365 429
f 364 429 428
f 365 366 430
f 365 430 429
f 366 367 431
f 366 431 430
f 367 368 432
f 367 432 431
f 368 369 433
f 368 433 432
f 369 370 434
f 369 434 433
f 370 371 435
f 370 435 434
f 371 372 436
f 371 436 435
f 372 373 437
f 372 437 436
f 373 374 438
f 373 438 437
f 374 375 439
f 374 439 438
f 375 376 440
f 375 440 439
f 376 377 441
f 376 441 440
f 377 378 442
f 377 442 441
f 378 379 443
f 378 443 442
f 379 380 444
f 379 444 443
f 380 381 445
f 380 445 444
f 381 382 446
f 381 446 445
f 382 383 447
f 382 447 446
f 383 384 448
f 383 448 447
f 384 321 385
f 384 385 448
f 385 386 450
f 385 450 449
f 386 387 451
f 386 451 450
f 387 388 452
f 387 452 451
f 388 389 453
f 388 453 452
f 389 390 454
f 389 454 453
f 390 391 455
f 390 455 454
f 391 392 456
f 391 456 455
f 392 393 457
f 392 457 456
f 393 394 458
f 393 458 457
f 394 395 459
f 394 459 458
f 395 396 460
f 395 460 459
f 396 397 461
f 396 461 460
f 397 398 462
f 397 462 461
f 398 399 463
f 398 463 462
f 399 400 464
f 399 464 463
f 400 401 465
f 400 465 464
f 401 402 466
f 401 466 465
f 402 403 467
f 402 467 466
f 403 404 468
f 403 468 467
f 404 405 469
f 404 469 468
f 405 406 470
f 405 470 469
f 406 407 471
f 406 471 470
f 407 408 472
f 407 472 471
f 408 409 473
f 408 473 472
f 409 410 474
f 409 474 473
f 410 411 475
f 410 475 474
f 411 412 476
f 411 476 475
f 412 413 477
f 412 477 476
f 413 414 478
f 413 478 477
f 414 415 479
f 414 479 478
f 415 416 480
f 415 480 479
f 416 417 481
f 416 481 480
f 417 418 482
f 417 482 481
f 418 419 483
f 418 483 482
f 419 420 484
f 419 484 483
f 420 421 485
f 420 485 484
f 421 422 486
f 421 486 485
f 422 423 487
f 422 487 486
f 423 424 488
f 423 488 487
f 424 425 489
f 424 489 488
f 425 426 490
f 425 490 489
f 426 427 491
f 426 491 490
f 427 428 492
f 427 492 491
f 428 429 493
f 428 493 492
f 429 430 494
f 429 494 493
f 430 431 495
f 430 495 494
f 431 432 496
f 431 496 495
f 432 433 497
f 432 497 496
f 433 434 498
f 433 498 497
f 434 435 499
f 434 499 498
f 435 436 500
f 435 500 499
f 436 437 501
f 436 501 500
f 437 438 502
f 437 502 501
f 438 439 503
f 438 503 502
f 439 440 504
f 439 504 503
f 440 441 505
f 440 505 504
f 441 442 506
f 441 506 505
f 442 443 507
f 442 507 506
f 443 444 508
f 443 508 507
f 444 445 509
f 444 509 508
f 445 446 510
f 445 510 509
f 446 447 511
f 446 511 510
f 447 448 512
f 447 512 511
f 448 385 449
f 448 449 512
f 449 450 514
f 449 514 513
f 450 451 515
f 450 515 514
f 451 452 516
f 451 516 515
f 452 453 517
f 452 517 516
f 453 454 518
f 453 518 517
f 454 455 519
f 454 519 518
f 455 456 520
f 455 520 519
f 456 457 521
f 456 521 520
f 457 458 522
f 457 522 521
f 458 459 523
f 458 523 522
f 459 460 524
f 459 524 523
f 460 461 525
f 460 525 524
f 461 462 526
f 461 526 525
f 462 463 527
f 462 527 526
f 463 464 528
f 463 528 527
f 464 465 529
f 464 529 528
f 465 466 530
f 465 530 529
f 466 467 531
f 466 531 530
f 467 468 532
f 467 532 531
f 468 469 533
f 468 533 532
f 469 470 534
f 469 534 533
f 470 471 535
f 470 535 534
f 471 472 536
f 471 536 535
f 472 473 537
f 472 537 536
f 473 474 538
f 473 538 537
f 474 475 539
f 474 539 538
f 475 476 540
f 475 540 539
f 476 477 541
f 476 541 540
f 477 478 542
f 477 542 541
f 478 479 543
f 478 543 542
f 479 480 544
f 479 544 543
f 480 481 545
f 480 545 544
f 481 482 546
f 481 546 545
f 482 483 547
f 482 547 546
f 483 484 548
f 483 548 547
f 484 485 549
f 484 549 548
f 485 486 550
f 485 550 549
f 486 487 551
f 486 551 550
f 487 488 552
f 487 552 551
f 488 489 553
f 488 553 552
f 489 490 554
f 489 554 553
f 490 491 555
f 490 555 554
f 491 492 556
f 491 556 555
f 492 493 557
f 492 557 556
f 493 494 558
f 493 558 557
f 494 495 559
f 494 559 558
f 495 496 560
f 495 560 559
f 496 497 561
f 496 561 560
f 497 498 562
f 497 562 561
f 498 499 563
f 498 563 562
f 499 500 564
f 499 564 563
f 500 501 565
f 500 565 564
f 501 502 566
f 501 566 565
f 502 503 567
f 502 567 566
f 503 504 568
f 503 568 567
f 504 505 569
f 504 569 568
f 505 506 570
f 505 570 569
f 506 507 571
f 506 571 570
f 507 508 572
f 507 572 571
f 508 509 573
f 508 573 572
f 509 510 574
f 509 574 573
f 510 511 575
f 510 575 574
f 511 512 576
f 511 576 575
f 512 449 513
f 512 513 576
f 513 514 578
f 513 578 577
f 514 515 579
f 514 579 578
f 515 516 580
f 515 580 579
f 516 517 581
f 516 581 580
f 517 518 582
f 517 582 581
f 518 519 583
f 518 583 582
f 519 520 584
f 519 584 583
f 520 521 585
f 520 585 584
f 521 522 586
f 521 586 585
f 522 523 587
f 522 587 586
f 523 524 588
f 523 588 587
f 524 525 589
f 524 589 588
f 525 526 590
f 525 590 589
f 526 527 591
f 526 591 590
f 527 528 592
f 527 592 591
f 528 529 593
f 528 593 592
f 529 530 594
f 529 594 593
f 530 531 595
f 530 595 594
f 531 532 596
f 531 596 595
f 532 533 597
f 532 597 596
f 533 534 598
f 533 598 597
f 534 535 599
f 534 599 598
f 535 536 600
f 535 600 599
f 536 537 601
f 536 601 600
f 537 538 602
f 537 602 601
f 538 539 603
f 538 603 602
f 539 540 604
f 539 604 603
f 540 541 605
f 540 605 604
f 541 542 606
f 541 606 605
f 542 543 607
f 542 607 606
f 543 544 608
f 543 608 607
f 544 545 609
f 544 609 608
f 545 546 610
f 545 610 609
f 546 547 611
f 546 611 610
f 547 548 612
f 547 612 611
f 548 549 613
f 548 613 612
f 549 550 614
f 549 614 613
f 550 551 615
f 550 615 614
f 551 552 616
f 551 616 615
f 552 553 617
f 552 617 616
f 553 554 618
f 553 618 617
f 554 555 619
f 554 619 618
f 555 556 620
f 555 620 619
f 556 557 621
f 556 621 620
f 557 558 622
f 557 622 621
f 558 559 623
f 558 623 622
f 559 560 624
f 559 624 623
f 560 561 625
f 560 625 624
f 561 562 626
f 561 626 625
f 562 563 627
f 562 627 626
f 563 564 628
f 563 628 627
f 564 565 629
f 564 629 628
f 565 566 630
f 565 630 629
f 566 567 631
f 566 631 630
f 567 568 632
f 567 632 631
f 568 569 633
f 568 633 632
f 569 570 634
f 569 634 633
f 570 571 635
f 570 635 634
f 571 572 636
f 571 636 635
f 572 573 637
f 572 637 636
f 573 574 638
f 573 638 637
f 574 575 639
f 574 639 638
f 575 576 640
f 575 640 639
f 576 513 577
f 576 577 640
f 577 578 642
f 577 642 641
f 578 579 643
f 578 643 642
f 579 580 644
f 579 644 643
f 580 581 645
f 580 645 644
f 581 582 646
f 581 646 645
f 582 583 647
f 582 647 646
f 583 584 648
f 583 648 647
f 584 585 649
f 584 649 648
f 585 586 650
f 585 650 649
f 586 587 651
f 586 651 650
f 587 588 652
f 587 652 651
f 588 589 653
f 588 653 652
f 589 590 654
f 589 654 653
f 590 591 655
f 590 655 654
f 591 592 656
f 591 656 655
f 592 593 657
f 592 657 656
f 593 594 658
f 593 658 657
f 594 595 659
f 594 659 658
f 595 596 660
f 595 660 659
f 596 597 661
f 596 661 660
f 597 598 662
f 597 662 661
f 598 599 663
f 598 663 662
f 599 600 664
f 599 664 663
f 600 601 665
f 600 665 664
f 601 602 666
f 601 666 665
f 602 603 667
f 602 667 666
f 603 604 668
f 603 668 667
f 604 605 669
f 604 669 668
f 605 606 670
f 605 670 669
f 606 607 671
f 606 671 670
f 607 608 672
f 607 672 671
f 608 609 673
f 608 673 672
f 609 610 674
f 609 674 673
f 610 611 675
f 610 675 674
f 611 612 676
f 611 676 675
f 612 613 677
f 612 677 676
f 613 614 678
f 613 678 677
f 614 615 679
f 614 679 678
f 615 616 680
f 615 680 679
f 616 617 681
f 616 681 680
f 617 618 682
f 617 682 681
f 618 619 683
f 618 683 682
f 619 620 684
f 619 684 683
f 620 621 685
f 620 685 684
f 621 622 686
f 621 686 685
f 622 623 687
f 622 687 686
f 623 624 688
f 623 688 687
f 624 625 689
f 624 689 688
f 625 626 690
f 625 690 689
f 626 627 691
f 626 691 690
f 627 628 692
f 627 692 691
f 628 629 693
f 628 693 692
f 629 630 694
f 629 694 693
f 630 631 695
f 630 695 694
f 631 632 696
f 631 696 695
f 632 633 697
f 632 697 696
f 633 634 698
f 633 698 697
f 634 635 699
f 634 699 698
f 635 636 700
f 635 700 699
f 636 637 701
f 636 701 700
f 637 638 702
f 637 702 701
f 638 639 703
f 638 703 702
f 639 640 704
f 639 704 703
f 640 577 641
f 640 641 704
f 641 642 706
f 641 706 705
f 642 643 707
f 642 707 706
f 643 644 708
f 643 708 707
f 644 645 709
f 644 709 708
f 645 646 710
f 645 710 709
f 646 647 711
f 646 711 710
f 647 648 712
f 647 712 711
f 648 649 713
f 648 713 712
f 649 650 714
f 649 714 713
f 650 651 715
f 650 715 714
f 651 652 716
f 651 716 715
f 652 653 717
f 652 717 716
f 653 654 718
f 653 718 717
f 654 655 719
f 654 719 718
f 655 656 720
f 655 720 719
f 656 657 721
f 656 721 720
f 657 658 722
f 657 722 721
f 658 659 723
f 658 723 722
f 659 660 724
f 659 724 723
f 660 661 725
f 660 725 724
f 661 662 726
f 661 726 725
f 662 663 727
f 662 727 726
f 663 664 728
f 663 728 727
f 664 665 729
f 664 729 728
f 665 666 730
f 665 730 729
f 666 667 731
f 666 731 730
f 667 668 732
f 667 732 731
f 668 669 733
f 668 733 732
f 669 670 734
f 669 734 733
f 670 671 735
f 670 735 734
f 671 672 736
f 671 736 735
f 672 673 737
f 672 737 736
f 673 674 738
f 673 738 737
f 674 675 739
f 674 739 738
f 675 676 740
f 675 740 739
f 676 677 741
f 676 741 740
f 677 678 742
f 677 742 741
f 678 679 743
f 678 743 742
f 679 680 744
f 679 744 743
f 680 681 745
f 680 745 744
f 681 682 746
f 681 746 745
f 682 683 747
f 682 747 746
f 683 684 748
f 683 748 747
f 684 685 749
f 684 749 748
f 685 686 750
f 685 750 749
f 686 687 751
f 686 751 750
f 687 688 752
f 687 752 751
f 688 689 753
f 688 753 752
f 689 690 754
f 689 754 753
f 690 691 755
f 690 755 754
f 691 692 756
f 691 756 755
f 692 693 757
f 692 757 756
f 693 694 758
f 693 758 757
f 694 695 759
f 694 759 758
f 695 696 760
f 695 760 759
f 696 697 761
f 696 761 760
f 697 698 762
f 697 762 761
f 698 699 763
f 698 763 762
f 699 700 764
f 699 764 763
f 700 701 765
f 700 765 764
f 701 702 766
f 701 766 765
f 702 703 767
f 702 767 766
f 703 704 768
f 703 768 767
f 704 641 705
f 704 705 768
f 705 706 770
f 705 770 769
f 706 707 771
f 706 771 770
f 707 708 772
f 707 772 771
f 708 709 773
f 708 773 772
f 709 710 774
f 709 774 773
f 710 711 775
f 710 775 774
f 711 712 776
f 711 776 775
f 712 713 777
f 712 777 776
f 713 714 778
f 713 778 777
f 714 715 779
f 714 779 778
f 715 716 780
f 715 780 779
f 716 717 781
f 716 781 780
f 717 718 782
f 717 782 781
f 718 719 783
f 718 783 782
f 719 720 784
f 719 784 783
f 720 721 785
f 720 785 784
f 721 722 786
f 721 786 785
f 722 723 787
f 722 787 786
f 723 724 788
f 723 788 787
f 724 725 789
f 724 789 788
f 725 726 790
f 725 790 789
f 726 727 791
f 726 791 790
f 727 728 792
f 727 792 791
f 728 729 793
f 728 793 792
f 729 730 794
f 729 794 793
f 730 731 795
f 730 795 794
f 731 732 796
f 731 796 795
f 732 733 797
f 732 797 796
f 733 734 798
f 733 798 797
f 734 735 799
f 734 799 798
f 735 736 800
f 735 800 799
f 736 737 801
f 736 801 800
f 737 738 802
f 737 802 801
f 738 739 803
f 738 803 802
f 739 740 804
f 739 804 803
f 740 741 805
f 740 805 804
f 741 742 806
f 741 806 805
f 742 743 807
f 742 807 806
f 743 744 808
f 743 808 807
f 744 745 809
f 744 809 808
f 745 746 810
f 745 810 809
f 746 747 811
f 746 811 810
f 747 748 812
f 747 812 811
f 748 749 813
f 748 813 812
f 749 750 814
f 749 814 813
f 750 751 815
f 750 815 814
f 751 752 816
f 751 816 815
f 752 753 817
f 752 817 816
f 753 754 818
f 753 818 817
f 754 755 819
f 754 819 818
f 755 756 820
f 755 820 819
f 756 757 821
f 756 821 820
f 757 758 822
f 757 822 821
f 758 759 823
f 758 823 822
f 759 760 824
f 759 824 823
f 760 761 825
f 760 825 824
f 761 762 826
f 761 826 825
f 762 763 827
f 762 827 826
f 763 764 828
f 763 828 827
f 764 765 829
f 764 829 828
f 765 766 830
f 765 830 829
f 766 767 831
f 766 831 830
f 767 768 832
f 767 832 831
f 768 705 769
f 768 769 832
f 769 770 834
f 769 834 833
f 770 771 835
f 770 835 834
f 771 772 836
f 771 836 835
f 772 773 837
f 772 837 836
f 773 774 838
f 773 838 837
f 774 775 839
f 774 839 838
f 775 776 840
f 775 840 839
f 776 777 841
f 776 841 840
f 777 778 842
f 777 842 841
f 778 779 843
f 778 843 842
f 779 780 844
f 779 844 843
f 780 781 845
f 780 845 844
f 781 782 846
f 781 846 845
f 782 783 847
f 782 847 846
f 783 784 848
f 783 848 847
f 784 785 849
f 784 849 848
f 785 786 850
f 785 850 849
f 786 787 851
f 786 851 850
f 787 788 852
f 787 852 851
f 788 789 853
f 788 853 852
f 789 790 854
f 789 854 853
f 790 791 855
f 790 855 854
f 791 792 856
f 791 856 855
f 792 793 857
f 792 857 856
f 793 794 858
f 793 858 857
f 794 795 859
f 794 859 858
f 795 796 860
f 795 860 859
f 796 797 861
f 796 861 860
f 797 798 862
f 797 862 861
f 798 799 863
f 798 863 862
f 799 800 864
f 799 864 863
f 800 801 865
f 800 865 864
f 801 802 866
f 801 866 865
f 802 803 867
f 802 867 866
f 803 804 868
f 803 868 867
f 804 805 869
f 804 869 868
f 805 806 870
f 805 870 869
f 806 807 871
f 806 871 870
f 807 808 872
f 807 872 871
f 808 809 873
f 808 873 872
f 809 810 874
f 809 874 873
f 810 811 875
f 810 875 874
f 811 812 876
f 811 876 875
f 812 813 877
f 812 877 876
f 813 814 878
f 813 878 877
f 814 815 879
f 814 879 878
f 815 816 880
f 815 880 879
f 816 817 881
f 816 881 880
f 817 818 882
f 817 882 881
f 818 819 883
f 818 883 882
f 819 820 884
f 819 884 883
f 820 821 885
f 820 885 884
f 821 822 886
f 821 886 885
f 822 823 887
f 822 887 886
f 823 824 888
f 823 888 887
f 824 825 889
f 824 889 888
f 825 826 890
f 825 890 889
f 826 827 891
f 826 891 890
f 827 828 892
f 827 892 891
f 828 829 893
f 828 893 892
f 829 830 894
f 829 894 893
f 830 831 895
f 830 895 894
f 831 832 896
f 831 896 895
f 832 769 833
f 832 833 896
f 833 834 898
f 833 898 897
f 834 835 899
f 834 899 898
f 835 836 900
f 835 900 899
f 836 837 901
f 836 901 900
f 837 838 902
f 837 902 901
f 838 839 903
f 838 903 902
f 839 840 904
f 839 904 903
f 840 841 905
f 840 905 904
f 841 842 906
f 841 906 905
f 842 843 907
f 842 907 906
f 843 844 908
f 843 908 907
f 844 845 909
f 844 909 908
f 845 846 910
f 845 910 909
f 846 847 911
f 846 911 910
f 847 848 912
f 847 912 911
f 848 849 913
f 848 913 912
f 849 850 914
f 849 914 913
f 850 851 915
f 850 915 914
f 851 852 916
f 851 916 915
f 852 853 917
f 852 917 916
f 853 854 918
f 853 918 917
f 854 855 919
f 854 919 918
f 855 856 920
f 855 920 919
f 856 857 921
f 856 921 920
f 857 858 922
f 857 922 921
f 858 859 923
f 858 923 922
f 859 860 924
f 859 924 923
f 860 861 925
f 860 925 924
f 861 862 926
f 861 926 925
f 862 863 927
f 862 927 926
f 863 864 928
f 863 928 927
f 864 865 929
f 864 929 928
f 865 866 930
f 865 930 929
f 866 867 931
f 866 931 930
f 867 868 932
f 867 932 931
f 868 869 933
f 868 933 932
f 869 870 934
f 869 934 933
f 870 871 935
f 870 935 934
f 871 872 936
f 871 936 935
f 872 873 937
f 872 937 936
f 873 874 938
f 873 938 937
f 874 875 939
f 874 939 938
f 875 876 940
f 875 940 939
f 876 877 941
f 876 941 940
f 877 878 942
f 877 942 941
f 878 879 943
f 878 943 942
f 879 880 944
f 879 944 943
f 880 881 945
f 880 945 944
f 881 882 946
f 881 946 945
f 882 883 947
f 882 947 946
f 883 884 948
f 883 948 947
f 884 885 949
f 884 949 948
f 885 886 950
f 885 950 949
f 886 887 951
f 886 951 950
f 887 888 952
f 887 952 951
f 888 889 953
f 888 953 952
f 889 890 954
f 889 954 953
f 890 891 955
f 890 955 954
f 891 892 956
f 891 956 955
f 892 893 957
f 892 957 956
f 893 894 958
f 893 958 957
f 894 895 959
f 894 959 958
f 895 896 960
f 895 960 959
f 896 833 897
f 896 897 960
f 897 898 962
f 897 962 961
f 898 899 963
f 898 963 962
f 899 900 964
f 899 964 963
f 900 901 965
f 900 965 964
f 901 902 966
f 901 966 965
f 902 903 967
f 902 967 966
f 903 904 968
f 903 968 967
f 904 905 969
f 904 969 968
f 905 906 970
f 905 970 969
f 906 907 971
f 906 971 970
f 907 908 972
f 907 972 971
f 908 909 973
f 908 973 972
f 909 910 974
f 909 974 973
f 910 911 975
f 910 975 974
f 911 912 976
f 911 976 975
f 912 913 977
f 912 977 976
f 913 914 978
f 913 978 977
f 914 915 979
f 914 979 978
f 915 916 980
f 915 980 979
f 916 917 981
f 916 981 980
f 917 918 982
f 917 982 981
f 918 919 983
f 918 983 982
f 919 920 984
f 919 984 983
f 920 921 985
f 920 985 984
f 921 922 986
f 921 986 985
f 922 923 987
f 922 987 986
f 923 924 988
f 923 988 987
f 924 925 989
f 924 989 988
f 925 926 990
f 925 990 989
f 926 927 991
f 926 991 990
f 927 928 992
f 927 992 991
f 928 929 993
f 928 993 992
f 929 930 994
f 929 994 993
f 930 931 995
f 930 995 994
f 931 932 996
f 931 996 995
f 932 933 997
f 932 997 996
f 933 934 998
f 933 998 997
f 934 935 999
f 934 999 998
f 935 936 1000
f 935 1000 999
f 936 937 1001
f 936 1001 1000
f 937 938 1002
f 937 1002 1001
f 938 939 1003
f 938 1003 1002
f 939 940 1004
f 939 1004 1003
f 940 941 1005
f 940 1005 1004
f 941 942 1006
f 941 1006 1005
f 942 943 1007
f 942 1007 1006
f 943 944 1008
f 943 1008 1007
f 944 945 1009
f 944 1009 1008
f 945 946 1010
f 945 1010 1009
f 946 947 1011
f 946 1011 1010
f 947 948 1012
f 947 1012 1011
f 948 949 1013
f 948 1013 1012
f 949 950 1014
f 949 1014 1013
f 950 951 1015
f 950 1015 1014
f 951 952 1016
f 951 1016 1015
f 952 953 1017
f 952 1017 1016
f 953 954 1018
f 953 1018 1017
f 954 955 1019
f 954 1019 1018
f 955 956 1020
f 955 1020 1019
f 956 957 1021
f 956 1021 1020
f 957 958 1022
f 957 1022 1021
f 958 959 1023
f 958 1023 1022
f 959 960 1024
f 959 1024 1023
f 960 897 961
f 960 961 1024
f 961 962 1026
f 961 1026 1025
f 962 963 1027
f 962 1027 1026
f 963 964 1028
f 963 1028 1027
f 964 965 1029
f 964 1029 1028
f 965 966 1030
f 965 1030 1029
f 966 967 1031
f 966 1031 1030
f 967 968 1032
f 967 1032 1031
f 968 969 1033
f 968 1033 1032
f 969 970 1034
f 969 1034 1033
f 970 971 1035
f 970 1035 1034
f 971 972 1036
f 971 1036 1035
f 972 973 1037
f 972 1037 1036
f 973 974 1038
f 973 1038 1037
f 974 975 1039
f 974 1039 1038
f 975 976 1040
f 975 1040 1039
f 976 977 1041
f 976 1041 1040
f 977 978 1042
f 977 1042 1041
f 978 979 1043
f 978 1043 1042
f 979 980 1044
f 979 1044 1043
f 980 981 1045
f 980 1045 1044
f 981 982 1046
f 981 1046 1045
f 982 983 1047
f 982 1047 1046
f 983 984 1048
f 983 1048 1047
f 984 985 1049
f 984 1049 1048
f 985 986 1050
f 985 1050 1049
f 986 987 1051
f 986 1051 1050
f 987 988 1052
f 987 1052 1051
f 988 989 1053
f 988 1053 1052
f 989 990 1054
f 989 1054 1053
f 990 991 1055
f 990 1055 1054
f 991 992 1056
f 991 1056 1055
f 992 993 1057
f 992 1057 1056
f 993 994 1058
f 993 1058 1057
f 994 995 1059
f 994 1059 1058
f 995 996 1060
f 995 1060 1059
f 996 997 1061
f 996 1061 1060
f 997 998 1062
f 997 1062 1061
f 998 999 1063
f 998 1063 1062
f 999 1000 1064
f 999 1064 1063
f 1000 1001 1065
f 1000 1065 1064
f 1001 1002 1066
f 1001 1066 1065
f 1002 1003 1067
f 1002 1067 1066
f 1003 1004 1068
f 1003 1068 1067
f 1004 1005 1069
f 1004 1069 1068
f 1005 1006 1070
f 1005 1070 1069
f 1006 1007 1071
f 1006 1071 1070
f 1007 1008 1072
f 1007 1072 1071
f 1008 1009 1073
f 1008 1073 1072
f 1009 1010 1074
f 1009 1074 1073
f 1010 1011 1075
f 1010 1075 1074
f 1011 1012 1076
f 1011 1076 1075
f 1012 1013 1077
f 1012 1077 1076
f 1013 1014 1078
f 1013 1078 1077
f 1014 1015 1079
f 1014 1079 1078
f 1015 1016 1080
f 1015 1080 1079
f 1016 1017 1081
f 1016 1081 1080
f 1017 1018 1082
f 1017 1082 1081
f 1018 1019 1083
f 1018 1083 1082
f 1019 1020 1084
f 1019 1084 1083
f 1020 1021 1085
f 1020 1085 1084
f 1021 1022 1086
f 1021 1086 1085
f 1022 1023 1087
f 1022 1087 1086
f 1023 1024 1088
f 1023 1088 1087
f 1024 961 1025
f 1024 1025 1088
f 1025 1026 1090
f 1025 1090 1089
f 1026 1027 1091
f 1026 1091 1090
f 1027 1028 1092
f 1027 1092 1091
f 1028 1029 1093
f 1028 1093 1092
f 1029 1030 1094
f 1029 1094 1093
f 1030 1031 1095
f 1030 1095 1094
f 1031 1032 1096
f 1031 1096 1095
f 1032 1033 1097
f 1032 1097 1096
f 1033 1034 1098
f 1033 1098 1097
f 1034 1035 1099
f 1034 1099 1098
f 1035 1036 1100
f 1035 1100 1099
f 1036 1037 1101
f 1036 1101 1100
f 1037 1038 1102
f 1037 1102 1101
f 1038 1039 1103
f 1038 1103 1102
f 1039 1040 1104
f 1039 1104 1103
f 1040 1041 1105
f 1040 1105 1104
f 1041 1042 1106
f 1041 1106 1105
f 1042 1043 1107
f 1042 1107 1106
f 1043 1044 1108
f 1043 1108 1107
f 1044 1045 1109
f 1044 1109 1108
f 1045 1046 1110
f 1045 1110 1109
f 1046 1047 1111
f 1046 1111 1110
f 1047 1048 1112
f 1047 1112 1111
f 1048 1049 1113
f 1048 1113 1112
f 1049 1050 1114
f 1049 1114 1113
f 1050 1051 1115
f 1050 1115 1114
f 1051 1052 1116
f 1051 1116 1115
f 1052 1053 1117
f 1052 1117 1116
f 1053 1054 1118
f 1053 1118 1117
f 1054 1055 1119
f 1054 1119 1118
f 1055 1056 1120
f 1055 1120 1119
f 1056 1057 1121
f 1056 1121 1120
f 1057 1058 1122
f 1057 1122 1121
f 1058 1059 1123
f 1058 1123 1122
f 1059 1060 1124
f 1059 1124 1123
f 1060 1061 1125
f 1060 1125 1124
f 1061 1062 1126
f 1061 1126 1125
f 1062 1063 1127
f 1062 1127 1126
f 1063 1064 1128
f 1063 1128 1127
f 1064 1065 1129
f 1064 1129 1128
f 1065 1066 1130
f 1065 1130 1129
f 1066 1067 1131
f 1066 1131 1130
f 1067 1068 1132
f 1067 1132 1131
f 1068 1069 1133
f 1068 1133 1132
f 1069 1070 1134
f 1069 1134 1133
f 1070 1071 1135
f 1070 1135 1134
f 1071 1072 1136
f 1071 1136 1135
f 1072 1073 1137
f 1072 1137 1136
f 1073 1074 1138
f 1073 1138 1137
f 1074 1075 1139
f 1074 1139 1138
f 1075 1076 1140
f 1075 1140 1139
f 1076 1077 1141
f 1076 1141 1140
f 1077 1078 1142
f 1077 1142 1141
f 1078 1079 1143
f 1078 1143 1142
f 1079 1080 1144
f 1079 1144 1143
f 1080 1081 1145
f 1080 1145 1144
f 1081 1082 1146
f 1081 1146 1145
f 1082 1083 1147
f 1082 1147 1146
f 1083 1084 1148
f 1083 1148 1147
f 1084 1085 1149
f 1084 1149 1148
f 1085 1086 1150
f 1085 1150 1149
f 1086 1087 1151
f 1086 1151 1150
f 1087 1088 1152
f 1087 1152 1151
f 1088 1025 1089
f 1088 1089 1152
f 1089 1090 1154
f 1089 1154 1153
f 1090 1091 1155
f 1090 1155 1154
f 1091 1092 1156
f 1091 1156 1155
f 1092 1093 1157
f 1092 1157 1156
f 1093 1094 1158
f 1093 1158 1157
f 1094 1095 1159
f 1094 1159 1158
f 1095 1096 1160
f 1095 1160 1159
f 1096 1097 1161
f 1096 1161 1160
f 1097 1098 1162
f 1097 1162 1161
f 1098 1099 1163
f 1098 1163 1162
f 1099 1100 1164
f 1099 1164 1163
f 1100 1101 1165
f 1100 1165 1164
f 1101 1102 1166
f 1101 1166 1165
f 1102 1103 1167
f 1102 1167 1166
f 1103 1104 1168
f 1103 1168 1167
f 1104 1105 1169
f 1104 1169 1168
f 1105 1106 1170
f 1105 1170 1169
f 1106 1107 1171
f 1106 1171 1170
f 1107 1108 1172
f 1107 1172 1171
f 1108 1109 1173
f 1108 1173 1172
f 1109 1110 1174
f 1109 1174 1173
f 1110 1111 1175
f 1110 1175 1174
f 1111 1112 1176
f 1111 1176 1175
f 1112 1113 1177
f 1112 1177 1176
f 1113 1114 1178
f 1113 1178 1177
f 1114 1115 1179
f 1114 1179 1178
f 1115 1116 1180
f 1115 1180 1179
f 1116 1117 1181
f 1116 1181 1180
f 1117 1118 1182
f 1117 1182 1181
f 1118 1119 1183
f 1118 1183 1182
f 1119 1120 1184
f 1119 1184 1183
f 1120 1121 1185
f 1120 1185 1184
f 1121 1122 1186
f 1121 1186 1185
f 1122 1123 1187
f 1122 1187 1186
f 1123 1124 1188
f 1123 1188 1187
f 1124 1125 1189
f 1124 1189 1188
f 1125 1126 1190
f 1125 1190 1189
f 1126 1127 1191
f 1126 1191 1190
f 1127 1128 1192
f 1127 1192 1191
f 1128 1129 1193
f 1128 1193 1192
f 1129 1130 1194
f 1129 1194 1193
f 1130 1131 1195
f 1130 1195 1194
f 1131 1132 1196
f 1131 1196 1195
f 1132 1133 1197
f 1132 1197 1196
f 1133 1134 1198
f 1133 1198 1197
f 1134 1135 1199
f 1134 1199 1198
f 1135 1136 1200
f 1135 1200 1199
f 1136 1137 1201
f 1136 1201 1200
f 1137 1138 1202
f 1137 1202 1201
f 1138 1139 1203
f 1138 1203 1202
f 1139 1140 1204
f 1139 1204 1203
f 1140 1141 1205
f 1140 1205 1204
f 1141 1142 1206
f 1141 1206 1205
f 1142 1143 1207
f 1142 1207 1206
f 1143 1144 1208
f 1143 1208 1207
f 1144 1145 1209
f 1144 1209 1208
f 1145 1146 1210
f 1145 1210 1209
f 1146 1147 1211
f 1146 1211 1210
f 1147 1148 1212
f 1147 1212 1211
f 1148 1149 1213
f 1148 1213 1212
f 1149 1150 1214
f 1149 1214 1213
f 1150 1151 1215
f 1150 1215 1214
f 1151 1152 1216
f 1151 1216 1215
f 1152 1089 1153
f 1152 1153 1216
f 1153 1154 1218
f 1153 1218 1217
f 1154 1155 1219
f 1154 1219 1218
f 1155 1156 1220
f 1155 1220 1219
f 1156 1157 1221
f 1156 1221 1220
f 1157 1158 1222
f 1157 1222 1221
f 1158 1159 1223
f 1158 1223 1222
f 1159 1160 1224
f 1159 1224 1223
f 1160 1161 1225
f 1160 1225 1224
f 1161 1162 1226
f 1161 1226 1225
f 1162 1163 1227
f 1162 1227 1226
f 1163 1164 1228
f 1163 1228 1227
f 1164 1165 1229
f 1164 1229 1228
f 1165 1166 1230
f 1165 1230 1229
f 1166 1167 1231
f 1166 1231 1230
f 1167 1168 1232
f 1167 1232 1231
f 1168 1169 1233
f 1168 1233 1232
f 1169 1170 1234
f 1169 1234 1233
f 1170 1171 1235
f 1170 1235 1234
f 1171 1172 1236
f 1171 1236 1235
f 1172 1173 1237
f 1172 1237 1236
f 1173 1174 1238
f 1173 1238 1237
f 1174 1175 1239
f 1174 1239 1238
f 1175 1176 1240
f 1175 1240 1239
f 1176 1177 1241
f 1176 1241 1240
f 1177 1178 1242
f 1177 1242 1241
f 1178 1179 1243
f 1178 1243 1242
f 1179 1180 1244
f 1179 1244 1243
f 1180 1181 1245
f 1180 1245 1244
f 1181 1182 1246
f 1181 1246 1245
f 1182 1183 1247
f 1182 1247 1246
f 1183 1184 1248
f 1183 1248 1247
f 1184 1185 1249
f 1184 1249 1248
f 1185 1186 1250
f 1185 1250 1249
f 1186 1187 1251
f 1186 1251 1250
f 1187 1188 1252
f 1187 1252 1251
f 1188 1189 1253
f 1188 1253 1252
f 1189 1190 1254
f 1189 1254 1253
f 1190 1191 1255
f 1190 1255 1254
f 1191 1192 1256
f 1191 1256 1255
f 1192 1193 1257
f 1192 1257 1256
f 1193 1194 1258
f 1193 1258 1257
f 1194 1195 1259
f 1194 1259 1258
f 1195 1196 1260
f 1195 1260 1259
f 1196 1197 1261
f 1196 1261 1260
f 1197 1198 1262
f 1197 1262 1261
f 1198 1199 1263
f 1198 1263 1262
f 1199 1200 1264
f 1199 1264 1263
f 1200 1201 1265
f 1200 1265 1264
f 1201 1202 1266
f 1201 1266 1265
f 1202 1203 1267
f 1202 1267 1266
f 1203 1204 1268
f 1203 1268 1267
f 1204 1205 1269
f 1204 1269 1268
f 1205 1206 1270
f 1205 1270 1269
f 1206 1207 1271
f 1206 1271 1270
f 1207 1208 1272
f 1207 1272 1271
f 1208 1209 1273
f 1208 1273 1272
f 1209 1210 1274
f 1209 1274 1273
f 1210 1211 1275
f 1210 1275 1274
f 1211 1212 1276
f 1211 1276 1275
f 1212 1213 1277
f 1212 1277 1276
f 1213 1214 1278
f 1213 1278 1277
f 1214 1215 1279
f 1214 1279 1278
f 1215 1216 1280
f 1215 1280 1279
f 1216 1153 1217
f 1216 1217 1280
f 1217 1218 1282
f 1217 1282 1281
f 1218 1219 1283
f 1218 1283 1282
f 1219 1220 1284
f 1219 1284 1283
f 1220 1221 1285
f 1220 1285 1284
f 1221 1222 1286
f 1221 1286 1285
f 1222 1223 1287
f 1222 1287 1286
f 1223 1224 1288
f 1223 1288 1287
f 1224 1225 1289
f 1224 1289 1288
f 1225 1226 1290
f 1225 1290 1289
f 1226 1227 1291
f 1226 1291 1290
f 1227 1228 1292
f 1227 1292 1291
f 1228 1229 1293
f 1228 1293 1292
f 1229 1230 1294
f 1229 1294 1293
f 1230 1231 1295
f 1230 1295 1294
f 1231 1232 1296
f 1231 1296 1295
f 1232 1233 1297
f 1232 1297 1296
f 1233 1234 1298
f 1233 1298 1297
f 1234 1235 1299
f 1234 1299 1298
f 1235 1236 1300
f 1235 1300 1299
f 1236 1237 1301
f 1236 1301 1300
f 1237 1238 1302
f 1237 1302 1301
f 1238 1239 1303
f 1238 1303 1302
f 1239 1240 1304
f 1239 1304 1303
f 1240 1241 1305
f 1240 1305 1304
f 1241 1242 1306
f 1241 1306 1305
f 1242 1243 1307
f 1242 1307 1306
f 1243 1244 1308
f 1243 1308 1307
f 1244 1245 1309
f 1244 1309 1308
f 1245 1246 1310
f 1245 1310 1309
f 1246 1247 1311
f 1246 1311 1310
f 1247 1248 1312
f 1247 1312 1311
f 1248 1249 1313
f 1248 1313 1312
f 1249 1250 1314
f 1249 1314 1313
f 1250 1251 1315
f 1250 1315 1314
f 1251 1252 1316
f 1251 1316 1315
f 1252 1253 1317
f 1252 1317 1316
f 1253 1254 1318
f 1253 1318 1317
f 1254 1255 1319
f 1254 1319 1318
f 1255 1256 1320
f 1255 1320 1319
f 1256 1257 1321
f 1256 1321 1320
f 1257 1258 1322
f 1257 1322 1321
f 1258 1259 1323
f 1258 1323 1322
f 1259 1260 1324
f 1259 1324 1323
f 1260 1261 1325
f 1260 1325 1324
f 1261 1262 1326
f 1261 1326 1325
f 1262 1263 1327
f 1262 1327 1326
f 1263 1264 1328
f 1263 1328 1327
f 1264 1265 1329
f 1264 1329 1328
f 1265 1266 1330
f 1265 1330 1329
f 1266 1267 1331
f 1266 1331 1330
f 1267 1268 1332
f 1267 1332 1331
f 1268 1269 1333
f 1268 1333 1332
f 1269 1270 1334
f 1269 1334 1333
f 1270 1271 1335
f 1270 1335 1334
f 1271 1272 1336
f 1271 1336 1335
f 1272 1273 1337
f 1272 1337 1336
f 1273 1274 1338
f 1273 1338 1337
f 1274 1275 1339
f 1274 1339 1338
f 1275 1276 1340
f 1275 1340 1339
f 1276 1277 1341
f 1276 1341 1340
f 1277 1278 1342
f 1277 1342 1341
f 1278 1279 1343
f 1278 1343 1342
f 1279 1280 1344
f 1279 1344 1343
f 1280 1217 1281
f 1280 1281 1344
f 1281 1282 1346
f 1281 1346 1345
f 1282 1283 1347
f 1282 1347 1346
f 1283 1284 1348
f 1283 1348 1347
f 1284 1285 1349
f 1284 1349 1348
f 1285 1286 1350
f 1285 1350 1349
f 1286 1287 1351
f 1286 1351 1350
f 1287 1288 1352
f 1287 1352 1351
f 1288 1289 1353
f 1288 1353 1352
f 1289 1290 1354
f 1289 1354 1353
f 1290 1291 1355
f 1290 1355 1354
f 1291 1292 1356
f 1291 1356 1355
f 1292 1293 1357
f 1292 1357 1356
f 1293 1294 1358
f 1293 1358 1357
f 1294 1295 1359
f 1294 1359 1358
f 1295 1296 1360
f 1295 1360 1359
f 1296 1297 1361
f 1296 1361 1360
f 1297 1298 1362
f 1297 1362 1361
f 1298 1299 1363
f 1298 1363 1362
f 1299 1300 1364
f 1299 1364 1363
f 1300 1301 1365
f 1300 1365 1364
f 1301 1302 1366
f 1301 1366 1365
f 1302 1303 1367
f 1302 1367 1366
f 1303 1304 1368
f 1303 1368 1367
f 1304 1305 1369
f 1304 1369 1368
f 1305 1306 1370
f 1305 1370 1369
f 1306 1307 1371
f 1306 1371 1370
f 1307 1308 1372
f 1307 1372 1371
f 1308 1309 1373
f 1308 1373 1372
f 1309 1310 1374
f 1309 1374 1373
f 1310 1311 1375
f 1310 1375 1374
f 1311 1312 1376
f 1311 1376 1375
f 1312 1313 1377
f 1312 1377 1376
f 1313 1314 1378
f 1313 1378 1377
f 1314 1315 1379
f 1314 1379 1378
f 1315 1316 1380
f 1315 1380 1379
f 1316 1317 1381
f 1316 1381 1380
f 1317 1318 1382
f 1317 1382 1381
f 1318 1319 1383
f 1318 1383 1382
f 1319 1320 1384
f 1319 1384 1383
f 1320 1321 1385
f 1320 1385 1384
f 1321 1322 1386
f 1321 1386 1385
f 1322 1323 1387
f 1322 1387 1386
f 1323 1324 1388
f 1323 1388 1387
f 1324 1325 1389
f 1324 1389 1388
f 1325 1326 1390
f 1325 1390 1389
f 1326 1327 1391
f 1326 1391 1390
f 1327 1328 1392
f 1327 1392 1391
f 1328 1329 1393
f 1328 1393 1392
f 1329 1330 1394
f 1329 1394 1393
f 1330 1331 1395
f 1330 1395 1394
f 1331 1332 1396
f 1331 1396 1395
f 1332 1333 1397
f 1332 1397 1396
f 1333 1334 1398
f 1333 1398 1397
f 1334 1335 1399
f 1334 1399 1398
f 1335 1336 1400
f 1335 1400 1399
f 1336 1337 1401
f 1336 1401 1400
f 1337 1338 1402
f 1337 1402 1401
f 1338 1339 1403
f 1338 1403 1402
f 1339 1340 1404
f 1339 1404 1403
f 1340 1341 1405
f 1340 1405 1404
f 1341 1342 1406
f 1341 1406 1405
f 1342 1343 1407
f 1342 1407 1406
f 1343 1344 1408
f 1343 1408 1407
f 1344 1281 1345
f 1344 1345 1408
f 1345 1346 1410
f 1345 1410 1409
f 1346 1347 1411
f 1346 1411 1410
f 1347 1348 1412
f 1347 1412 1411
f 1348 1349 1413
f 1348 1413 1412
f 1349 1350 1414
f 1349 1414 1413
f 1350 1351 1415
f 1350 1415 1414
f 1351 1352 1416
f 1351 1416 1415
f 1352 1353 1417
f 1352 1417 1416
f 1353 1354 1418
f 1353 1418 1417
f 1354 1355 1419
f 1354 1419 1418
f 1355 1356 1420
f 1355 1420 1419
f 1356 1357 1421
f 1356 1421 1420
f 1357 1358 1422
f 1357 1422 1421
f 1358 1359 1423
f 1358 1423 1422
f 1359 1360 1424
f 1359 1424 1423
f 1360 1361 1425
f 1360 1425 1424
f 1361 1362 1426
f 1361 1426 1425
f 1362 1363 1427
f 1362 1427 1426
f 1363 1364 1428
f 1363 1428 1427
f 1364 1365 1429
f 1364 1429 1428
f 1365 1366 1430
f 1365 1430 1429
f 1366 1367 1431
f 1366 1431 1430
f 1367 1368 1432
f 1367 1432 1431
f 1368 1369 1433
f 1368 1433 1432
f 1369 1370 1434
f 1369 1434 1433
f 1370 1371 1435
f 1370 1435 1434
f 1371 1372 1436
f 1371 1436 1435
f 1372 1373 1437
f 1372 1437 1436
f 1373 1374 1438
f 1373 1438 1437
f 1374 1375 1439
f 1374 1439 1438
f 1375 1376 1440
f 1375 1440 1439
f 1376 1377 1441
f 1376 1441 1440
f 1377 1378 1442
f 1377 1442 1441
f 1378 1379 1443
f 1378 1443 1442
f 1379 1380 1444
f 1379 1444 1443
f 1380 1381 1445
f 1380 1445 1444
f 1381 1382 1446
f 1381 1446 1445
f 1382 1383 1447
f 1382 1447 1446
f 1383 1384 1448
f 1383 1448 1447
f 1384 1385 1449
f 1384 1449 1448
f 1385 1386 1450
f 1385 1450 1449
f 1386 1387 1451
f 1386 1451 1450
f 1387 1388 1452
f 1387 1452 1451
f 1388 1389 1453
f 1388 1453 1452
f 1389 1390 1454
f 1389 1454 1453
f 1390 1391 1455
f 1390 1455 1454
f 1391 1392 1456
f 1391 1456 1455
f 1392 1393 1457
f 1392 1457 1456
f 1393 1394 1458
f 1393 1458 1457
f 1394 1395 1459
f 1394 1459 1458
f 1395 1396 1460
f 1395 1460 1459
f 1396 1397 1461
f 1396 1461 1460
f 1397 1398 1462
f 1397 1462 1461
f 1398 1399 1463
f 1398 1463 1462
f 1399 1400 1464
f 1399 1464 1463
f 1400 1401 1465
f 1400 1465 1464
f 1401 1402 1466
f 1401 1466 1465
f 1402 1403 1467
f 1402 1467 1466
f 1403 1404 1468
f 1403 1468 1467
f 1404 1405 1469
f 1404 1469 1468
f 1405 1406 1470
f 1405 1470 1469
f 1406 1407 1471
f 1406 1471 1470
f 1407 1408 1472
f 1407 1472 1471
f 1408 1345 1409
f 1408 1409 1472
f 1409 1410 1474
f 1409 1474 1473
f 1410 1411 1475
f 1410 1475 1474
f 1411 1412 1476
f 1411 1476 1475
f 1412 1413 1477
f 1412 1477 1476
f 1413 1414 1478
f 1413 1478 1477
f 1414 1415 1479
f 1414 1479 1478
f 1415 1416 1480
f 1415 1480 1479
f 1416 1417 1481
f 1416 1481 1480
f 1417 1418 1482
f 1417 1482 1481
f 1418 1419 1483
f 1418 1483 1482
f 1419 1420 1484
f 1419 1484 1483
f 1420 1421 1485
f 1420 1485 1484
f 1421 1422 1486
f 1421 1486 1485
f 1422 1423 1487
f 1422 1487 1486
f 1423 1424 1488
f 1423 1488 1487
f 1424 1425 1489
f 1424 1489 1488
f 1425 1426 1490
f 1425 1490 1489
f 1426 1427 1491
f 1426 1491 1490
f 1427 1428 1492
f 1427 1492 1491
f 1428 1429 1493
f 1428 1493 1492
f 1429 1430 1494
f 1429 1494 1493
f 1430 1431 1495
f 1430 1495 1494
f 1431 1432 1496
f 1431 1496 1495
f 1432 1433 1497
f 1432 1497 1496
f 1433 1434 1498
f 1433 1498 1497
f 1434 1435 1499
f 1434 1499 1498
f 1435 1436 1500
f 1435 1500 1499
f 1436 1437 1501
f 1436 1501 1500
f 1437 1438 1502
f 1437 1502 1501
f 1438 1439 1503
f 1438 1503 1502
f 1439 1440 1504
f 1439 1504 1503
f 1440 1441 1505
f 1440 1505 1504
f 1441 1442 1506
f 1441 1506 1505
f 1442 1443 1507
f 1442 1507 1506
f 1443 1444 1508
f 1443 1508 1507
f 1444 1445 1509
f 1444 1509 1508
f 1445 1446 1510
f 1445 1510 1509
f 1446 1447 1511
f 1446 1511 1510
f 1447 1448 1512
f 1447 1512 1511
f 1448 1449 1513
f 1448 1513 1512
f 1449 1450 1514
f 1449 1514 1513
f 1450 1451 1515
f 1450 1515 1514
f 1451 1452 1516
f 1451 1516 1515
f 1452 1453 1517
f 1452 1517 1516
f 1453 1454 1518
f 1453 1518 1517
f 1454 1455 1519
f 1454 1519 1518
f 1455 1456 1520
f 1455 1520 1519
f 1456 1457 1521
f 1456 1521 1520
f 1457 1458 1522
f 1457 1522 1521
f 1458 1459 1523
f 1458 1523 1522
f 1459 1460 1524
f 1459 1524 1523
f 1460 1461 1525
f 1460 1525 1524
f 1461 1462 1526
f 1461 1526 1525
f 1462 1463 1527
f 1462 1527 1526
f 1463 1464 1528
f 1463 1528 1527
f 1464 1465 1529
f 1464 1529 1528
f 1465 1466 1530
f 1465 1530 1529
f 1466 1467 1531
f 1466 1531 1530
f 1467 1468 1532
f 1467 1532 1531
f 1468 1469 1533
f 1468 1533 1532
f 1469 1470 1534
f 1469 1534 1533
f 1470 1471 1535
f 1470 1535 1534
f 1471 1472 1536
f 1471 1536 1535
f 1472 1409 1473
f 1472 1473 1536
f 1473 1474 1538
f 1473 1538 1537
f 1474 1475 1539
f 1474 1539 1538
f 1475 1476 1540
f 1475 1540 1539
f 1476 1477 1541
f 1476 1541 1540
f 1477 1478 1542
f 1477 1542 1541
f 1478 1479 1543
f 1478 1543 1542
f 1479 1480 1544
f 1479 1544 1543
f 1480 1481 1545
f 1480 1545 1544
f 1481 1482 1546
f 1481 1546 1545
f 1482 1483 1547
f 1482 1547 1546
f 1483 1484 1548
f 1483 1548 1547
f 1484 1485 1549
f 1484 1549 1548
f 1485 1486 1550
f 1485 1550 1549
f 1486 1487 1551
f 1486 1551 1550
f 1487 1488 1552
f 1487 1552 1551
f 1488 1489 1553
f 1488 1553 1552
f 1489 1490 1554
f 1489 1554 1553
f 1490 1491 1555
f 1490 1555 1554
f 1491 1492 1556
f 1491 1556 1555
f 1492 1493 1557
f 1492 1557 1556
f 1493 1494 1558
f 1493 1558 1557
f 1494 1495 1559
f 1494 1559 1558
f 1495 1496 1560
f 1495 1560 1559
f 1496 1497 1561
f 1496 1561 1560
f 1497 1498 1562
f 1497 1562 1561
f 1498 1499 1563
f 1498 1563 1562
f 1499 1500 1564
f 1499 1564 1563
f 1500 1501 1565
f 1500 1565 1564
f 1501 1502 1566
f 1501 1566 1565
f 1502 1503 1567
f 1502 1567 1566
f 1503 1504 1568
f 1503 1568 1567
f 1504 1505 1569
f 1504 1569 1568
f 1505 1506 1570
f 1505 1570 1569
f 1506 1507 1571
f 1506 1571 1570
f 1507 1508 1572
f 1507 1572 1571
f 1508 1509 1573
f 1508 1573 1572
f 1509 1510 1574
f 1509 1574 1573
f 1510 1511 1575
f 1510 1575 1574
f 1511 1512 1576
f 1511 1576 1575
f 1512 1513 1577
f 1512 1577 1576
f 1513 1514 1578
f 1513 1578 1577
f 1514 1515 1579
f 1514 1579 1578
f 1515 1516 1580
f 1515 1580 1579
f 1516 1517 1581
f 1516 1581 1580
f 1517 1518 1582
f 1517 1582 1581
f 1518 1519 1583
f 1518 1583 1582
f 1519 1520 1584
f 1519 1584 1583
f 1520 1521 1585
f 1520 1585 1584
f 1521 1522 1586
f 1521 1586 1585
f 1522 1523 1587
f 1522 1587 1586
f 1523 1524 1588
f 1523 1588 1587
f 1524 1525 1589
f 1524 1589 1588
f 1525 1526 1590
f 1525 1590 1589
f 1526 1527 1591
f 1526 1591 1590
f 1527 1528 1592
f 1527 1592 1591
f 1528 1529 1593
f 1528 1593 1592
f 1529 1530 1594
f 1529 1594 1593
f 1530 1531 1595
f 1530 1595 1594
f 1531 1532 1596
f 1531 1596 1595
f 1532 1533 1597
f 1532 1597 1596
f 1533 1534 1598
f 1533 1598 1597
f 1534 1535 1599
f 1534 1599 1598
f 1535 1536 1600
f 1535 1600 1599
f 1536 1473 1537
f 1536 1537 1600
g hf_source
f 1601 2 1
f 1601 3 2
f 1601 4 3
f 1601 5 4
f 1601 6 5
f 1601 7 6
f 1601 8 7
f 1601 9 8
f 1601 10 9
f 1601 11 10
f 1601 12 11
f 1601 13 12
f 1601 14 13
f 1601 15 14
f 1601 16 15
f 1601 17 16
f 1601 18 17
f 1601 19 18
f 1601 20 19
f 1601 21 20
f 1601 22 21
f 1601 23 22
f 1601 24 23
f 1601 25 24
f 1601 26 25
f 1601 27 26
f 1601 28 27
f 1601 29 28
f 1601 30 29
f 1601 31 30
f 1601 32 31
f 1601 33 32
f 1601 34 33
f 1601 35 34
f 1601 36 35
f 1601 37 36
f 1601 38 37
f 1601 39 38
f 1601 40 39
f 1601 41 40
f 1601 42 41
f 1601 43 42
f 1601 44 43
f 1601 45 44
f 1601 46 45
f 1601 47 46
f 1601 48 47
f 1601 49 48
f 1601 50 49
f 1601 51 50
f 1601 52 51
f 1601 53 52
f 1601 54 53
f 1601 55 54
f 1601 56 55
f 1601 57 56
f 1601 58 57
f 1601 59 58
f 1601 60 59
f 1601 61 60
f 1601 62 61
f 1601 63 62
f 1601 64 63
f 1601 1 64
